EnrolledElectiveBefore,GradeAvgFromPreviousElective,Grade,Major,Class,GradePerm,Course1,Course2,Course3,Course4,Course5
0,0,64.7358271109365,3,2,78.4850858971669,0,0,76.2710746327597,0,0
0,0,62.0651402090636,3,3,77.0683625516444,0,0,68.9480285788008,0,0
1,65.4087105681642,72.9830392094864,3,4,64.9979641393556,59.3234969142172,0,0,75.9881781139275,0
1,53.299348701624,72.7408015354137,2,4,75.2871351841281,0,55.957463468308,0,67.7023007565704,0
0,0,63.4517123745837,2,1,76.6172964116973,0,0,73.7278537109358,0,0
0,0,76.5582880727712,1,3,67.6169626959399,0,0,0,0,87.3982052337647
0,0,75.2427669547679,1,3,67.1745026736242,0,0,0,81.8704046130458,0
0,0,62.171977475499,2,4,87.0040566769668,0,0,73.6321421658868,0,0
0,0,58.6503504355408,1,4,70.2549313910296,0,0,0,66.2257633636972,0
0,0,68.5444018403375,1,4,84.2399588668668,0,0,0,0,78.5444999696926
1,80.6588333234558,66.5991526807788,3,1,82.8896676035594,0,0,82.5853166697674,0,0
1,49.8071685143489,72.2938911798462,1,3,82.8480404212118,55.8964097721982,67.7074485842973,0,0,0
0,0,64.4908338079754,3,1,62.380022779601,0,0,0,72.4527786482151,0
1,69.3918843912114,76.9782635828776,1,1,71.5379021197956,67.3247578250586,0,74.6253776032648,0,0
1,59.7764491326985,73.6026858498597,1,4,71.2120813402679,0,60.2557646645559,0,62.8149724014914,0
0,0,63.1180713590443,2,1,71.1812185119608,0,0,70.0854060138871,0,0
1,50.9579979266267,72.682389270844,1,2,85.808604322846,0,0,59.6497632387952,51.8674251130961,0
0,0,72.0124776628905,2,4,48.7109517434206,0,0,0,81.3109147666876,0
0,0,54.9835929874124,1,3,76.9600007779881,0,0,62.8320155703928,0,0
0,0,77.0352863345131,2,2,75.3582311993123,0,0,0,88.3721371092997,0
1,42.7832451511048,76.0378522978419,3,1,67.1878717215297,0,0,0,53.8069643084021,62.9416063189074
0,0,78.5292130951003,2,2,62.04748754142,0,0,87.5136281431213,0,0
0,0,61.1438664077827,1,4,74.9271605202714,0,0,0,67.7234056713835,0
1,27.827893782116,64.1070325313909,1,4,75.5514925930232,0,52.5654276793209,0,52.9899130452033,0
1,85.1169330401811,67.9329341576592,2,1,62.825164901862,0,0,66.7166126591326,0,0
1,63.9494484626695,66.0458313785293,3,2,68.4775132203221,0,61.9203679774723,57.96098078164,0,0
1,58.1403065824205,49.1346763216463,2,3,73.4052437669471,0,0,0,60.6394977134555,0
0,0,81.6257785537005,1,1,79.7705418730488,0,0,0,0,89.6789218634911
1,71.2334826896596,82.1244429049599,3,4,56.1123299876737,0,0,81.8104844757609,0,78.6231772873927
0,0,74.3879259195485,3,3,72.0115643233552,0,0,84.509205553361,0,0
0,0,56.3407868063274,3,3,68.0847188172673,0,0,0,65.9315408096293,0
1,53.8853577562746,61.2264611230419,1,3,72.2152021772225,0,57.5311737336977,65.0046998113648,0,0
0,0,85.1177827462822,2,1,71.1270714221562,0,0,94.1974882898757,0,0
1,59.7636835942975,53.1840226437095,2,2,77.9146521614428,0,0,64.635031254988,0,0
1,56.6453857979249,66.879382017429,2,4,73.6706344074268,0,61.5101975736532,56.8469346308914,0,0
0,0,76.1028045556611,1,1,78.6594305104596,0,0,86.8430414936922,0,0
0,0,74.551628609944,2,2,70.9313506511344,0,0,86.6284504484116,0,0
1,44.9385698530114,65.3168407045577,1,1,86.3083761510372,0,0,51.4935651250543,48.3619248992782,0
0,0,70.6112850582688,1,3,73.9649138861359,0,0,0,0,81.4439972009915
1,81.2641077746784,68.0692655748504,2,3,86.7468518197643,0,0,69.9538381020638,0,0
1,76.4478712569934,60.984310893832,3,1,79.6852617712185,0,73.8578342361637,0,0,0
1,64.634056169748,70.1079280253861,3,3,70.1079280253861,0,0,0,65.8941670836568,0
0,0,60.3782306905279,1,4,81.874552630505,0,0,0,0,70.4645636878747
0,0,63.4220758364831,2,3,62.9162211697612,0,0,0,69.7655192328589,0
1,66.0854887432063,58.9299001902706,1,2,79.740900422891,0,0,56.4286250591131,0,0
1,54.8166125916353,47.2776731660774,1,2,76.3425020563102,0,57.0448374425227,0,52.9496437966039,0
0,0,64.4688415970764,3,4,74.2324365090069,0,0,0,0,77.6420114861651
0,0,62.680240204505,2,3,49.9108362879233,0,0,0,0,71.7375758248636
1,51.3506704992357,50.9846117233909,3,4,67.9329341576592,47.7660100505793,0,45.5049747864814,0,0
1,70.6728778257814,54.6155898293485,1,1,49.3166319169277,0,0,0,62.3239645051336,0
1,75.4318907799699,79.9992332793006,1,4,78.3817370379056,0,0,0,78.8255288243847,80.6870740488454
0,0,60.6742255652713,3,4,50.6137746430726,0,0,72.5457753307589,0,0
1,57.2288741184378,72.1985952883441,1,3,56.0319290079232,0,74.3997464280752,0,0,0
0,0,58.7101018521435,3,4,68.6165313449725,0,0,0,0,68.4640509817197
0,0,66.1517652700266,2,2,47.24840168634,0,0,75.7098520414137,0,0
0,0,73.8268829069412,3,1,82.6336450897457,0,0,82.2871262934921,0,0
1,62.9391180795434,60.224518517938,1,4,61.9869226282667,0,68.2568498894395,0,59.4974036535758,0
0,0,49.5142722144896,3,2,72.0124776628905,0,0,0,0,56.8859200866482
0,0,55.0536976627269,3,1,71.5472561567069,0,0,0,0,64.3046752312864
1,47.0098337102904,68.5218214509192,3,1,80.0009569257165,0,0,61.7500555154738,65.428657194046,0
0,0,72.7785708400278,3,3,57.0959727506848,0,0,0,0,80.756780627588
0,0,72.8527678054134,3,3,45.8434707021734,0,0,0,82.5185858260531,0
1,66.1317856397042,66.5799624641836,1,1,67.3153935525751,0,57.4995188887293,0,0,0
1,48.5836681035438,51.4635282564297,3,2,57.9387814391761,0,49.6692528782493,48.9259941727353,0,0
1,55.6564939963563,68.6729303738362,2,4,72.9830392094864,0,68.0813225526485,0,61.4480177650732,0
1,66.4756381255757,66.7408720157824,2,4,65.9266673526665,0,0,0,74.5822730942524,0
0,0,58.0539096636669,3,2,76.3840708766688,0,0,67.0679800892999,0,0
1,62.2525571788595,74.1144953201852,1,4,62.2986247772367,0,0,0,64.6421421755794,0
0,0,67.3359264388226,1,2,77.5091434205198,0,0,0,0,75.0556373287648
1,36.6318341730757,64.4164015424829,3,1,76.337859277013,0,50.2471005072869,0,48.5033646654941,0
1,53.1324037486569,73.2658467485912,1,2,58.2648110528442,56.48856609888,71.3766101482393,0,0,0
1,72.7431262855496,42.6786561702032,3,4,63.1508441718894,0,0,0,51.9786235680853,53.4888521544341
0,0,76.6172964116973,2,2,61.6669964582202,0,0,84.4743738022115,0,0
0,0,82.5042586916903,1,1,46.4569981473433,0,0,0,0,92.8131357452376
1,70.9321196096062,62.8537417889824,1,4,75.9597790978097,0,69.306989039414,0,72.1728343919273,0
1,80.0746959536143,76.9674207729783,1,4,59.5304195223127,0,0,0,87.764839061667,79.7646351105185
0,0,62.2939167599251,2,3,78.3520594773251,0,0,0,0,71.6299762012618
1,40.7374704300565,71.2120813402679,3,4,76.5730854880666,64.1731445860676,0,0,0,51.9111957697039
0,0,76.9600007779881,3,2,81.5011774898188,0,0,0,0,89.1788837190939
0,0,62.04748754142,3,3,83.078086191412,0,0,0,0,72.7827215457052
1,37.2574047339195,81.2423890381989,3,1,73.4536484487096,0,0,60.0018469896861,53.330719000082,0
0,0,62.4078309640492,2,2,73.2343821797983,0,0,0,74.4949134829427,0
1,62.1726745099861,86.6755751936673,1,4,89.9073367580123,0,0,0,72.624497251471,67.2818135308149
1,63.6886585845839,71.3402351464031,1,2,73.8194818206374,66.5812688369683,0,0,73.5135183032819,0
0,0,58.3309122634125,1,2,88.995284087108,0,0,0,66.9231801198785,0
1,72.2134987946927,54.2240898349614,3,3,73.6786222557218,0,0,59.1331336978198,0,69.325132946268
0,0,56.0319290079232,2,4,67.726367248094,0,0,65.4885934731532,0,0
1,52.8554024281501,75.479104613571,3,3,62.5143494330818,68.4981676023974,0,60.3887103957086,0,0
1,62.0833291474079,81.2846323402142,1,1,79.383996770008,0,0,0,0,73.6178461709231
0,0,58.2648110528442,1,1,65.2275380748807,0,0,0,0,69.0704605765787
1,29.2469351414283,61.8241536588777,3,3,54.226906511578,39.3969227624227,0,51.9966961730444,0,0
1,41.3677735323899,78.8991050966069,3,1,79.5024580543587,66.5739863264225,0,0,51.0053840172618,0
1,29.949292187515,65.3061269083887,1,1,87.5185534525319,0,39.5342821525526,0,0,0
0,0,81.0993158207726,1,4,79.9992332793006,0,0,0,88.358329346955,0
0,0,78.9050245825478,3,2,81.347461860893,0,0,91.631836469458,0,0
0,0,79.3241738696217,3,4,49.1346763216463,0,0,93.0420568469256,0,0
0,0,65.5880269920225,2,1,61.8360952262887,0,0,0,74.7921819882849,0
0,0,67.6076914469671,1,3,70.3008263941152,0,0,0,77.5308204719803,0
0,0,79.6483712487242,3,4,75.1600192102572,0,0,0,90.1055390789379,0
1,45.5695435155572,66.2305084595662,1,3,85.1177827462822,0,0,60.0909774494079,58.0200035195156,0
1,22.0187015787161,76.1581002787016,3,1,73.0037305307252,0,0,0,45.9755544510836,44.1806628613834
1,60.4000472509537,81.2758136083466,1,2,75.3988893176477,64.008427507579,65.576685953657,0,0,0
1,84.8045263610568,60.0913442053501,2,3,71.6797589431875,0,69.3056836763869,67.2810499548307,0,0
0,0,73.3680464880779,2,4,61.5222657160477,0,0,0,82.5663734935444,0
1,52.0115555785237,76.9482507413971,2,3,88.6338882870673,0,0,58.7961016557727,0,63.139047470612
1,45.7928361181524,51.5552485928789,1,4,66.7408720157824,0,54.3463464565385,0,57.4001971810204,0
1,78.1163409469193,53.2458837985986,2,3,79.2295047234049,0,69.4815390079452,0,69.3204422419975,0
0,0,54.6818462807395,2,4,64.4095756975788,0,0,0,0,65.7383478372586
0,0,53.19222967247,1,1,58.1895263976349,0,0,0,66.3011853696024,0
1,39.1878986812506,57.2942036676812,2,1,72.0100159356354,0,52.8673977036173,0,0,0
1,55.3116839355456,69.0520995963491,3,2,55.1219464665821,0,58.0532652179754,61.1578310499777,0,0
1,66.4646906304908,63.1195046288906,3,3,68.9934203296324,0,0,0,66.6398042121724,73.6929869944472
0,0,68.4638701122455,3,1,60.3782306905279,0,0,80.2128035617158,0,0
0,0,57.4356612311901,2,4,73.8268829069412,0,0,65.685047710831,0,0
0,0,64.5758862531991,3,2,75.9348608302217,0,0,73.3422723411219,0,0
0,0,51.0776076740054,2,1,79.9052683836844,0,0,0,64.0090686335828,0
1,48.4537947990098,77.5988448841427,2,4,63.1118224463182,0,62.1817885730528,0,0,60.7041880277056
0,0,65.7406495981507,2,2,48.9677384380438,0,0,0,72.7920743262519,0
1,54.3872727233476,76.3425020563102,3,4,82.7070493967877,0,0,0,73.8741589429141,59.5707278747495
1,49.2469924896867,78.494588756339,2,4,76.2559063779635,59.9313912681369,0,59.1569425057539,0,0
1,66.522417631144,64.5313696232924,1,4,69.5303242802754,0,61.6612803843983,0,62.8806751997661,0
1,64.1490010789457,76.2559063779635,2,2,73.0305747676778,0,77.4925820039561,0,0,76.2564798470313
0,0,74.1204914045923,3,4,92.9287126820763,0,0,83.1007406121035,0,0
0,0,64.9284531903907,3,4,72.7785708400278,0,0,75.7342656703776,0,0
0,0,75.7679163626348,2,1,70.2166330666407,0,0,0,88.0652585481698,0
1,40.1301709039239,79.6116364395868,2,2,71.6832940591495,0,0,62.1885542472225,58.9043950689186,0
1,52.3024732863621,66.1640353637944,3,4,62.3639759256458,64.1862303461385,0,0,67.1096083407325,0
1,74.3042096042489,53.2028689001579,1,1,69.4706860488482,0,64.7237479283462,0,69.7465396127477,0
0,0,59.8460060421144,1,2,77.5464931775298,0,0,72.9685298961112,0,0
0,0,69.4459831768937,3,2,71.8146410379438,0,0,79.9923096502022,0,0
1,73.8143521916988,74.040892023562,2,3,81.0993158207726,0,0,79.4673035380464,0,0
1,67.252527981202,51.4586211745592,3,1,74.9901905638918,0,54.3049492568896,0,0,0
0,0,77.7888834449028,3,2,71.4967270583784,0,0,85.9489802495224,0,0
1,55.2200447936712,67.363482373211,1,2,71.2848898165051,0,53.3309838384297,66.3616564282494,0,0
1,71.0075503144589,73.4567633842599,3,1,92.6172525605012,0,0,73.9085494802594,74.08920976842,0
0,0,72.2862900716538,2,2,78.494588756339,0,0,0,0,80.5372213416339
0,0,74.9152285731671,3,4,59.4402287246889,0,0,0,84.3853954476155,0
1,66.093736215923,45.8455832529716,2,1,61.0130539686803,0,0,61.0570018991508,56.9299447535263,0
1,36.0571169640143,64.8230491854743,3,1,77.1688142290477,0,0,58.1826254985478,46.7170432500203,0
0,0,74.0952696617607,3,2,75.8601971599403,0,0,85.1920773441423,0,0
1,42.9592654719769,62.4106679504892,1,3,62.680240204505,0,52.9681717881933,58.7102555909989,0,0
1,82.6980292451977,62.0443634656563,2,1,64.4164015424829,0,76.1676232714989,71.0811187114848,0,0
1,49.7976173690175,71.1812185119608,1,1,77.3132178481294,0,66.3127373790369,66.291727659855,0,0
0,0,65.3087194934957,2,2,63.4220758364831,0,0,0,77.6533457176388,0
1,35.2364716526324,74.691761299238,3,1,53.437054908155,53.8890048703569,53.7519104081877,0,0,0
1,79.5502543095752,62.6361652096131,1,3,69.4459831768937,0,65.8289023344016,0,63.6196080812802,0
0,0,76.9914390201092,1,3,67.363482373211,0,0,87.1619489300683,0,0
1,73.6949671873456,58.1895263976349,2,3,57.5638173526545,0,0,70.5758190669376,71.6896564770074,0
0,0,57.9387814391761,2,4,75.3665397091415,0,0,0,0,68.0427787827867
0,0,66.4626260010761,2,1,58.0539096636669,0,0,78.1139231909301,0,0
1,76.9900522802804,68.6965020600707,1,4,71.4617762998914,0,78.2303150047694,67.4178000767054,0,0
1,60.4342945189958,70.2224482750061,3,1,65.5894094382442,56.3569682203797,0,57.1771287756521,0,0
0,0,61.5263369554771,3,4,83.0533131275738,0,0,0,71.0538338755673,0
0,0,68.4775132203221,2,3,55.0177852235707,0,0,0,0,77.1634918203879
1,67.6931039498874,64.0794146095294,2,3,74.4730909704529,0,0,66.9883064525461,57.9183810823523,0
0,0,69.8335570763116,3,4,82.3360631314212,0,0,0,83.6296857716648,0
0,0,79.814990257749,1,3,51.8135385356347,0,0,0,0,91.0650934713548
1,69.82732129717,66.394395866956,1,2,83.5756723058213,0,70.2151373570736,0,76.0979927110519,0
1,68.0659068093489,66.1240796578604,2,4,52.5328317341498,0,0,77.08932310002,0,0
0,0,80.1579026134449,3,3,69.2773691250489,0,0,0,0,88.6921949450451
0,0,65.8545335946207,1,3,65.3550994255346,0,0,0,77.4231224439458,0
0,0,74.6494717818168,3,3,87.2659237989667,0,0,0,0,85.2229487900335
1,62.7384300409659,72.3137213752189,2,3,68.4394474563567,67.5355950024282,0,0,0,0
0,0,62.2283888915503,1,4,73.0097437611502,0,0,0,75.2474315624527,0
0,0,63.7160064250717,3,2,83.8789750968009,0,0,0,71.0084338868531,0
0,0,77.1688142290477,2,3,66.1240796578604,0,0,85.2403521857238,0,0
1,86.7663440445007,68.602168181262,1,2,62.1386555304639,0,0,86.9309413460686,78.8117652197714,0
1,63.8449033583996,75.0686501597798,2,4,50.9389292446698,0,77.4127331757131,0,0,71.0150039269297
1,75.0384748716979,86.9903753313078,2,1,60.3347647149633,0,0,83.9855642493795,88.1290722343405,0
1,63.795445287513,75.0221094570211,3,1,75.0221094570211,70.8370170287301,0,0,0,0
1,61.1696710140427,80.8953144144654,3,4,66.1640353637944,0,0,0,0,66.2763869403916
1,60.9540164898293,60.5998950233992,3,2,64.6512814429238,0,0,65.4864030672029,0,0
0,0,83.2250661093794,3,3,60.9884119518344,0,0,0,91.7256275439505,0
0,0,69.017685567852,1,1,69.002538888068,0,0,78.5860764528225,0,0
1,48.4672979264544,63.4766994291003,2,4,62.8387897321506,0,59.2419737145292,49.7893396427633,0,0
1,92.4190324402326,76.2687297869205,3,2,74.691761299238,77.0868256643714,91.5630231927492,0,0,0
0,0,76.2633340562229,2,2,65.090454976565,0,0,0,84.9461474034585,0
1,67.7582604231729,83.9431079413714,2,3,77.4397373606363,0,0,0,70.895056031527,0
1,83.0814680744091,62.5143494330818,2,3,65.7843509857598,0,0,81.2302687111608,65.734141990173,0
0,0,71.3744471198646,2,3,71.3469803790595,0,0,80.6158699836542,0,0
0,0,70.7793928379961,2,2,78.8456061199354,0,0,0,81.87332418923,0
0,0,69.9990931073618,1,2,56.8892222903094,0,0,0,0,79.1429905414038
1,77.8748835807093,93.0554005437168,2,2,70.7866746166915,89.1457382189793,0,0,0,83.6639323263728
1,74.4418047109866,72.4434878721335,3,3,54.9835929874124,0,0,0,0,83.4403715902334
1,65.6985085542499,86.8457637610015,1,3,75.9827259656318,0,68.1136783973302,0,0,72.0167849362746
1,32.9803558950934,65.8626006643724,2,1,61.3159563692597,0,0,45.0534707968531,50.6453718124684,0
1,71.1084236581747,73.2343821797983,2,3,69.7065657006011,0,78.974627388232,66.5909540857241,0,0
1,48.5230025483716,45.8434707021734,2,4,79.7490408115639,0,0,54.4816163955629,53.8585467162407,0
0,0,84.2399588668668,1,4,59.5533652384739,0,0,0,92.9451742928473,0
0,0,65.3837165607437,3,1,75.7679163626348,0,0,0,0,77.6091560137469
0,0,67.8338371237,2,2,82.1244429049599,0,0,0,74.8605055381079,0
1,57.7707248014972,83.0533131275738,2,3,66.2618807654669,72.6962481473366,0,0,0,64.0916996340335
0,0,64.605523901391,1,3,74.6494717818168,0,0,0,72.8329648287657,0
1,54.4288664603032,54.226906511578,3,2,87.2597973382176,0,0,47.3062552807047,51.691221524991,0
1,35.5084122548725,81.8165190978527,2,3,87.6176488386247,0,65.5653987339073,0,0,55.2179435077615
1,68.2342094258933,77.3074394915443,2,2,88.9416721605497,81.5970167407306,0,76.0001796341269,0,0
1,63.0589593970966,93.331733721908,1,1,54.3587183755073,85.7299802979228,69.213876743303,0,0,0
1,72.7326804531101,53.2993374263159,1,2,77.915142077044,0,71.237341268584,70.918809799492,0,0
1,64.402607085386,81.1894822109948,2,2,70.3667772940746,0,0,65.5522374810016,0,0
1,32.0800685459591,59.5026791603862,3,3,68.1931012965737,0,0,0,38.5693609750318,50.0077119948428
0,0,76.8597232301037,1,1,71.3744471198646,0,0,0,0,89.4460566351206
0,0,73.0264066317711,3,3,57.2198926535583,0,0,0,83.9661937034429,0
0,0,62.3990397564654,2,1,85.5049671675668,0,0,0,71.8167496542117,0
1,39.2223725682814,51.8135385356347,1,2,69.4466615398095,0,42.4618458415395,0,53.7399232476243,0
1,53.366620732035,70.4303575708196,1,3,58.3309122634125,63.5996647143322,0,53.6974579342236,0,0
0,0,78.1608651345172,3,3,64.1070325313909,0,0,85.7386577862382,0,0
0,0,89.7551105825037,2,3,68.6122954272258,0,0,0,100,0
1,64.8548120231616,62.5710590416013,2,4,45.8455832529716,0,0,64.0400545166069,56.8377504961361,0
0,0,73.892605508624,3,3,85.5989525095839,0,0,0,0,81.3149032405356
1,70.776032045038,65.3726506214803,3,1,76.9789722540574,0,0,0,60.5105636996396,0
1,49.997521480475,64.1733602455747,3,2,62.5763303269516,0,52.7326382963586,0,64.7589760093078,0
1,40.2481816359853,76.723446087223,2,4,81.1894822109948,0,51.8053812297597,0,0,57.8365386545782
1,67.6200523350565,68.2763359925926,3,4,75.4496740508939,68.9641434961144,0,69.3296094108638,0,0
1,81.7266932855696,59.6468704707148,1,4,62.1148925329296,0,79.308816320201,0,71.0108477703407,0
0,0,71.7354796126171,3,4,69.1170522507253,0,0,81.6125423183309,0,0
1,67.5336084246636,79.2413190543253,3,2,67.9044840382722,74.0293546597523,79.0892539810551,0,0,0
0,0,71.146395273411,3,1,76.9782635828776,0,0,0,0,82.4235399439631
1,56.404445236701,70.6962699018056,1,3,71.5749825165747,53.7188719428133,69.5462027434839,0,0,0
0,0,59.3420547217672,1,3,79.6116364395868,0,0,0,0,71.9884554734825
0,0,64.4095756975788,1,3,79.9369149501439,0,0,0,0,73.1912727161241
1,67.6318699198205,76.6428763611928,2,2,81.2423890381989,0,0,72.8850633397916,0,72.4067234076674
1,60.4667799332703,74.8931910493871,3,1,74.1601563473519,64.9409812813205,0,66.7568007060149,0,0
0,0,72.1510099797349,1,4,66.9608642070054,0,0,83.3931756009739,0,0
0,0,55.9101582667342,1,4,54.6155898293485,0,0,0,63.9978771455938,0
0,0,82.8896676035594,3,1,68.3636573944198,0,0,0,89.6001620565896,0
1,63.4080321205174,78.6324667316037,3,3,90.2984555566004,63.7806775577584,0,68.7998621014274,0,0
0,0,68.9991985191225,1,4,81.2758136083466,0,0,0,0,77.4392800495243
0,0,48.2141845030279,3,1,76.19272996302,0,0,0,0,55.4750817938877
0,0,78.2218555285718,2,3,66.57970697093,0,0,0,0,87.4601545363036
1,75.1677571538298,73.0037305307252,2,1,76.5409781694041,64.2504936914716,0,82.4996061321329,0,0
1,23.5194724737907,84.8429784051786,2,4,77.6316912012531,0,62.4752626461681,0,0,64.1811197837228
0,0,79.8218129569442,3,4,67.2970430093944,0,0,0,0,88.2098592325252
0,0,74.7541657081664,3,1,86.6506266303592,0,0,84.1080396578983,0,0
0,0,81.3269232252575,3,3,77.5406932387712,0,0,94.5671631991699,0,0
1,64.5571782543297,72.0115643233552,3,2,56.2977198105685,0,62.7324243994181,0,0,0
0,0,87.7254018449294,1,2,84.0371614007302,0,0,0,0,97.0094700374191
0,0,62.5653646634104,1,1,67.3075333164358,0,0,0,0,69.7081094414266
0,0,61.14382242463,3,2,66.5124711113904,0,0,0,72.0310935050338,0
0,0,78.8114395338468,1,2,64.4679752534305,0,0,0,0,89.4972661942259
0,0,77.6214187157985,3,2,81.8165190978527,0,0,0,83.3657469944244,0
1,66.4411819295319,68.3636573944198,3,2,85.4399368260754,0,70.4921398911248,0,0,0
0,0,71.979197589758,1,3,66.7496425352488,0,0,82.933028022603,0,0
1,53.5093514455188,69.0433256247413,1,2,62.7649065609092,0,60.8432832447003,0,65.7861215122552,0
1,76.0121397205129,74.9271605202714,1,4,74.2503552361721,0,0,0,73.0884729374848,81.0963372119528
0,0,73.0873221764473,2,1,73.5837954597156,0,0,81.5655518736476,0,0
0,0,65.8837350666071,3,1,72.379712439805,0,0,0,0,80.6737787008104
1,60.838664878507,54.336597668544,2,1,70.6962699018056,0,0,53.9702619989825,57.5733762162646,0
1,50.5314557859831,56.3600522784184,2,2,78.0357535727184,0,0,56.9938652075605,52.8805578760681,0
0,0,65.7282050943535,3,3,74.9179210749162,0,0,0,73.6201211897248,0
0,0,75.1501176308054,3,4,54.6765650566035,0,0,0,0,86.5036996984029
0,0,84.6434075547426,2,3,57.8537553137772,0,0,0,0,95.1678332688431
1,53.5301650693204,51.759081623189,3,1,76.1917769785496,0,0,0,49.4434315570275,0
1,56.5378964447297,76.1184017978042,1,2,84.7074984487254,0,57.5526388606398,65.1267413019949,0,0
1,47.4241193233085,60.8634106047029,3,1,73.7544618070952,0,0,60.3479438247336,48.6101728532313,0
1,41.1620666524077,62.9162211697612,2,4,55.7627611603173,0,0,42.9803319399098,46.2171048630922,0
1,55.2670838547024,75.0787940626786,1,2,51.4586211745592,0,62.6640730241726,0,0,0
0,0,69.8720370067227,3,4,74.4384627254973,0,0,77.9307427335088,0,0
0,0,59.4165452388066,2,3,62.5710590416013,0,0,0,0,72.2546501613425
0,0,75.1444647155821,3,3,57.4356612311901,0,0,83.9088364173757,0,0
0,0,75.8204258856563,3,4,75.479104613571,0,0,0,0,85.0607939710148
1,75.0321529959331,81.8035436357117,3,4,73.882525578841,0,0,0,88.2802243061437,0
1,64.6651479936626,78.4097378325339,1,2,78.5080614035442,0,74.6726698327126,77.5298524575477,0,0
0,0,74.0358251045622,3,3,78.2218555285718,0,0,84.3142501869994,0,0
0,0,52.6174958966398,3,2,55.6133867407,0,0,64.2099603108973,0,0
0,0,76.4958373944786,1,2,78.1608651345172,0,0,88.6859707853984,0,0
1,59.5937067285573,69.2453183644933,2,2,62.0341077664276,0,67.3364636141571,54.9214466503849,0,0
0,0,61.4901124381805,1,2,80.4303140888079,0,0,0,0,69.4675179644468
0,0,61.6170315772234,1,1,65.2586362597652,0,0,0,74.6113162936958,0
0,0,76.8943168368235,1,3,66.9444317917151,0,0,0,0,86.6687311664874
0,0,61.6858378491742,2,1,70.6112850582688,0,0,71.3796874452067,0,0
0,0,73.4052437669471,3,4,69.9990931073618,0,0,78.7611905723188,0,0
1,63.0874751112331,70.5224383229207,3,2,73.6026858498597,0,0,57.8932538915466,0,75.8848191457162
1,62.0230768509356,65.5894094382442,3,1,51.4420397138036,0,63.6878398713757,0,66.9643046670301,0
1,65.9365520706545,67.726367248094,3,2,69.0433256247413,0,63.1438667418861,66.9954145606794,0,0
1,62.5858487134063,51.5940712127414,1,3,82.5812935409104,0,0,56.6669622873107,52.0460220567414,0
1,90.964347071502,72.3334539883075,2,4,81.2846323402142,88.534714599367,0,0,0,84.1997688421568
0,0,77.915142077044,1,1,72.8527678054134,0,0,0,88.9758565276706,0
0,0,92.6172525605012,1,1,64.7358271109365,0,0,0,100,0
0,0,70.3184311713285,2,3,57.4520519867419,0,0,0,79.9241909711826,0
0,0,66.0688433687606,2,4,78.4949406442187,0,0,77.8577216860605,0,0
1,50.0067210868228,64.3869444370746,1,2,62.0443634656563,0,0,47.6396953602118,64.719366684459,0
0,0,87.0284289879916,2,2,54.7213119172067,0,0,99.0811520470955,0,0
0,0,63.9920824917972,3,4,75.9363680968303,0,0,0,75.7915815215556,0
0,0,73.7295715083787,3,2,68.0393883934174,0,0,0,81.7827841074162,0
1,58.4113168763991,74.9889900129432,1,4,65.934122348587,0,58.2649333818072,0,0,0
1,49.5827362589881,61.9677670342659,3,2,85.4096483495255,0,0,56.6103357737152,63.3261617755224,0
0,0,71.3691362297003,3,2,82.588861488552,0,0,0,0,78.330934618607
0,0,65.0035273158848,1,1,51.0073703860156,0,0,0,0,72.876416755833
1,76.6442319930518,66.9587669024325,3,2,69.6098768410747,0,0,74.216407277774,75.943543076668,0
1,58.8912482070038,77.3520095923006,2,1,90.2085931327633,66.2963707798509,0,72.0108110857965,0,0
0,0,64.0493873490522,1,3,62.0651402090636,0,0,0,75.0637003922651,0
1,75.4468561320029,54.2055810159557,3,1,78.5103693266008,0,64.1934119920784,68.7717250090237,0,0
0,0,68.8111453471315,3,3,68.6729303738362,0,0,0,81.9514527651002,0
1,65.2226718039852,75.9861216323437,3,3,66.9453256204399,0,0,79.0286700359644,0,0
0,0,65.3394099816219,1,4,72.0668426767186,0,0,76.7064369925283,0,0
1,83.3791257292703,49.3157861016529,3,2,71.147539771626,0,0,57.4157291561167,60.2099613892495,0
1,58.4679149532229,69.73552830653,3,1,64.2855734457736,0,61.7019834206043,67.7577399498792,0,0
0,0,75.6881222922485,1,4,68.8152445058516,0,0,84.1712283722297,0,0
1,41.2792641247912,73.1389890802793,3,1,68.6933969265943,56.0887933694875,0,56.8049526160285,0,0
1,45.2534143244404,74.9845356710038,2,1,83.67237780767,0,0,0,57.5588493464724,67.2054418424295
1,74.1960816247171,54.830537705923,2,1,66.5917853844156,0,55.7741973262,0,74.1319298152166,0
1,72.9158565250139,74.2503552361721,2,4,73.8539821398306,0,64.8499806771174,0,67.4475793855429,0
1,40.0147253130897,69.1111896993694,2,2,65.3740100837672,0,58.9763407566425,0,0,0
0,0,61.2023842032844,1,2,66.7208311199534,0,0,74.5313773946834,0,0
1,47.2328932219497,76.9080646153442,3,2,72.2213122756396,0,58.3257054115233,0,70.877110467238,0
1,54.1948471242145,66.7775200671029,2,1,65.132339360735,0,0,68.9542340839898,0,0
1,41.3700404318144,59.7393995065989,2,4,65.0522273042927,0,42.1017132262044,0,52.1404656293737,0
0,0,69.5303242802754,3,3,76.9674207729783,0,0,0,0,78.4832574266448
0,0,80.789748719947,1,4,62.6361652096131,0,0,0,90.5133907626795,0
1,44.9542636037639,53.5904512286694,2,2,76.0758850145166,0,57.5234649967795,40.8603707107096,0,0
1,36.3423062753743,69.6098768410747,1,3,59.8460060421144,0,44.5611966787429,0,46.0603092493356,0
1,51.7533009370082,77.001238195751,3,1,69.0235577676993,0,0,0,67.2105259730938,71.0890807075655
1,72.3141677891511,67.2970430093944,1,1,80.8160668546549,0,0,71.812046404987,0,0
1,59.2709360105928,73.1630042307723,2,3,54.4434696770917,0,0,0,0,57.5668235464444
1,49.4808727259693,73.0305747676778,1,4,72.2723579885178,0,0,68.6528533040945,55.4055156843176,0
0,0,60.1400727117342,2,3,69.090487108128,0,0,0,0,66.0918409308735
0,0,71.6832940591495,2,4,71.6709032901518,0,0,0,82.804610802234,0
1,55.997795526398,65.0762159837962,2,2,78.302790062799,0,62.4003688416072,66.6119424061906,0,0
0,0,66.9990182189596,2,2,74.0358251045622,0,0,74.5169525086389,0,0
1,56.2542394820046,83.2056440044998,1,3,65.7576675423147,68.1817689020262,0,0,77.6293115740408,0
1,56.3158537727162,82.3360631314212,1,1,79.688062879473,0,0,59.5896839638555,0,72.4719951463025
1,64.9962057408787,81.8823998858267,1,3,82.5812365230998,0,81.7945623848965,79.2358449933035,0,0
1,79.4858171161683,85.5989525095839,1,3,69.8760810056677,0,0,0,84.0522286647036,0
1,49.5580507370208,53.6274528624671,1,3,70.4303575708196,0,0,42.8719423202415,44.961241370702,0
0,0,70.0358700415927,1,3,68.2763359925926,0,0,0,0,80.7715449054523
0,0,85.808604322846,3,2,69.3686848254446,0,0,95.7593476970444,0,0
1,52.9603510318977,78.4850858971669,2,3,68.2411058219603,0,0,58.1138609524036,63.9679549210911,0
0,0,84.3839831771251,2,3,69.1847359963259,0,0,96.0962526982747,0,0
1,66.7822167564521,73.7170012774676,3,2,78.7925372123313,0,69.5210473932204,0,61.5091560284095,0
1,83.7257297063293,78.4949406442187,3,3,62.0259966492049,0,0,80.7336158916399,85.1318871400268,0
1,77.1262355469231,56.8892222903094,3,2,77.4347966594308,0,65.8128725025704,60.8726116708925,0,0
0,0,57.6231196753496,3,2,63.7895599067823,0,0,0,0,66.0180681662058
0,0,76.3696532599813,3,2,66.2522965318988,0,0,0,89.0258681825357,0
1,62.1405293329964,83.8273216368452,3,3,69.5631541670608,73.2319561969365,0,0,79.0568978900646,0
0,0,60.9260547291414,3,3,71.9426274984932,0,0,0,70.6419996237344,0
1,44.7461027127227,80.4377527660968,2,4,51.5940712127414,0,58.9861883860259,0,0,70.520303237808
0,0,82.5650668121351,1,2,69.0839967086614,0,0,92.0382593769533,0,0
1,70.6220654066947,73.2340371692679,1,1,82.6269476181555,81.6713450367762,0,78.8204116068832,0,0
0,0,85.040510711722,1,4,62.0342736325052,0,0,0,93.8907872412401,0
0,0,62.2320310753877,3,3,77.3074394915443,0,0,0,0,73.293103059511
0,0,66.287390426857,3,4,52.6174958966398,0,0,0,74.1836475886056,0
0,0,90.2085931327633,3,3,77.5870673666396,0,0,100,0,0
0,0,62.0259966492049,2,1,67.4951785997657,0,0,0,71.9554527519279,0
1,47.9269180792601,69.5221592631365,1,2,74.0952696617607,0,0,0,49.6885237419277,0
1,76.2057776350408,92.9287126820763,2,3,66.2305084595662,0,0,90.7508218868225,79.7214409593492,0
0,0,74.379831182609,1,1,90.8187694696848,0,0,84.1857650901576,0,0
0,0,83.078086191412,3,3,73.7295715083787,0,0,0,0,92.7199049162848
1,60.5759439253044,78.302790062799,2,4,61.0084210017552,0,68.7779950997767,0,0,75.7210623893417
0,0,70.3273233154187,3,4,62.2320310753877,0,0,78.3524459675435,0,0
1,75.2368488299582,76.5409781694041,1,3,95.4376784466594,0,76.431136394515,0,0,69.9761597157975
0,0,50.6137746430726,1,2,66.1741210807848,0,0,0,0,57.9686040769338
1,80.3424087031953,54.7693088469312,3,1,63.9920824917972,0,71.450698003764,70.1443557653902,0,0
0,0,59.4402287246889,3,4,76.4958373944786,0,0,67.1186355195163,0,0
0,0,79.9369149501439,2,1,76.1184017978042,0,0,0,0,97.0148793464253
1,73.8087677718049,71.147539771626,3,3,62.0431120904679,81.2570082912483,0,0,0,0
1,83.5760338793439,67.4631463869295,3,1,88.3933193552385,0,74.6741288302437,71.905551152149,0,0
0,0,62.0431120904679,1,2,76.8004252394413,0,0,0,0,72.979411972081
1,57.6933841588753,76.337859277013,3,1,73.1630042307723,76.0630237578796,0,0,0,0
1,88.7188835805388,63.1508441718894,2,2,71.146395273411,0,0,0,74.2489555745874,0
0,0,66.4725729185031,3,4,60.0913442053501,0,0,79.8486754441666,0,0
1,77.1585499724552,86.3083761510372,1,4,77.4818929936874,0,77.1623372655053,0,89.9323546247397,0
1,87.6367173322281,79.3686923450124,1,3,76.9482507413971,0,0,92.9174636438973,81.4603351823799,0
1,62.7360151626453,72.379712439805,1,3,79.8502987515599,67.1260982131514,0,74.0270145397563,0,0
1,75.7487188079756,69.776106643933,2,4,73.2340371692679,0,0,0,67.6792462947737,0
1,66.250939210105,71.5472561567069,2,2,83.2056440044998,73.6658122803562,0,0,0,67.8960040570933
1,53.0451383504571,76.3408342003616,1,3,74.995981304147,70.1891927485487,0,0,0,65.3291447233374
0,0,65.0522273042927,1,1,68.5444018403375,0,0,76.4553416197875,0,0
0,0,68.1931012965737,3,3,80.2045113936558,0,0,0,76.5933533957606,0
1,57.7218107190212,65.132339360735,3,2,56.0959751559769,0,0,58.5941935998071,63.178659015575,0
1,59.0025608321395,72.2542327516085,2,2,77.7888834449028,69.5361020691003,0,0,0,0
1,69.3360850706293,79.688062879473,3,1,61.7722651296063,0,78.38536486952,67.5035840506216,0,0
1,59.3270309762512,68.0370316328505,2,4,57.5966907406301,0,64.1441690890021,62.9808844550303,0,0
1,55.245526847963,64.9979641393556,2,4,68.7136966685183,0,0,0,62.0954011887234,0
1,65.2725924511909,77.6756673189332,3,3,66.7775200671029,0,0,0,0,74.1345436642572
1,47.7214279131095,68.5623027407467,2,4,78.4097378325339,0,65.0941294007483,0,60.6230143099467,0
1,58.0797516538339,71.2771598306481,3,1,87.7254018449294,0,0,73.4194313521607,0,71.8029257541672
1,71.9220884969524,63.4318984677997,3,4,78.7850266876617,0,0,0,64.7629849847394,0
1,43.0175555116427,56.1123299876737,3,4,64.684191411196,52.9054414045745,0,40.3013543010855,0,0
0,0,54.7075693511781,2,1,72.9968585643567,0,0,0,63.8950120809886,0
0,0,69.3686848254446,1,3,70.9032059759185,0,0,0,0,78.9364702726951
0,0,74.659984178142,1,4,77.6214187157985,0,0,85.364437399701,0,0
1,30.5893631882535,68.4394474563567,2,4,74.551628609944,0,0,47.9709897767436,49.4236631900822,0
1,49.8794872628328,65.2586362597652,2,3,59.7393995065989,0,0,0,56.5342222737073,0
0,0,53.9652386327041,1,3,75.4835726566187,0,0,0,64.0179104793343,0
0,0,66.8953697043776,1,3,70.8293969013925,0,0,0,74.5778698369294,0
1,68.5967547352605,74.8047503182508,1,3,81.6257785537005,78.5778463031288,69.4897293756968,0,0,0
0,0,71.9669582450736,1,2,59.6552028774987,0,0,0,0,81.7575389480968
1,54.2162632458799,42.9036098653163,3,3,71.3193102508403,39.3189847267059,0,0,55.0976225343951,0
0,0,75.2197783637846,3,3,79.3241738696217,0,0,0,88.6978711630909,0
0,0,56.2977198105685,2,3,53.6274528624671,0,0,0,0,62.7796090016136
1,67.0033716586166,84.1309936228972,1,1,62.2800092289206,0,69.1260151203567,0,83.3617011602973,0
1,66.8895853615079,59.5304195223127,1,4,61.14382242463,0,56.9876391979169,0,0,0
0,0,66.3671230705864,2,2,61.3476900436149,0,0,74.062659824189,0,0
1,70.7538626104051,87.2597973382176,1,4,63.7160064250717,0,0,79.5301212638155,0,79.077577582224
0,0,67.4951785997657,2,4,71.3402351464031,0,0,0,0,75.2955590995982
1,79.8503699292207,82.5812365230998,3,4,93.0554005437168,87.6111167138727,0,0,0,86.0728350053205
0,0,58.4113750059102,1,1,61.1438664077827,0,0,0,0,69.3849118432807
1,56.5871025420081,87.6176488386247,1,2,65.3900291147097,65.7005925274027,64.5337908515135,0,0,0
1,64.3092397582725,69.2374507836282,2,4,76.6428763611928,0,62.0322797484096,59.4912928148477,0,0
1,63.6931233725336,58.319673796644,3,3,86.8457637610015,0,0,55.5021985443893,0,0
0,0,66.6139552689569,1,3,76.9080646153442,0,0,0,81.3829027097094,0
0,0,77.004818755445,3,2,74.8155785247583,0,0,0,0,86.7302478044157
1,68.8223104975645,76.2088483069761,2,3,61.5263369554771,67.2944230542048,72.2865127666318,0,0,0
1,80.3678532467662,70.3667772940746,3,4,68.5623027407467,0,0,79.1793867001606,0,79.173756150938
0,0,63.6814584276894,3,3,76.8943168368235,0,0,72.6602812111799,0,0
0,0,67.9151110668214,1,3,75.9861216323437,0,0,0,0,79.7491103865166
1,58.7559377710569,67.3075333164358,1,3,80.4377527660968,0,0,0,67.4832550391592,0
0,0,70.7738938148644,1,1,71.0097430871417,0,0,0,0,83.1794204669414
1,50.1435099500269,69.0350906191,2,1,62.2100248296073,0,65.9165747466251,0,54.8674625902458,0
1,54.4773325127768,87.0040566769668,3,4,77.8912306965218,77.0446889923726,0,63.1672009566325,0,0
1,60.7881827612573,70.1659259635594,1,3,61.1763449800831,0,58.9897558227496,0,0,62.4980607066088
0,0,76.3840708766688,1,4,72.2542327516085,0,0,0,82.8630695367449,0
0,0,78.2439883565392,1,2,75.0498701950768,0,0,85.8727144438301,0,0
0,0,71.891467228041,1,3,48.2141845030279,0,0,0,0,83.7816887255391
1,61.8156031229929,77.2315680746025,1,4,73.3680464880779,0,0,0,66.5596342038796,60.0453590605336
1,67.0929571888847,76.4685147518243,1,2,89.8149898902876,0,64.369489405613,0,0,80.200810654708
0,0,66.2522965318988,2,2,87.2313569999527,0,0,73.4949151369007,0,0
0,0,55.0177852235707,3,3,71.82753676034,0,0,62.7745327093745,0,0
1,52.1193550580398,68.9934203296324,3,4,47.2776731660774,58.1171050980927,0,57.6363443655024,0,0
0,0,77.4818929936874,1,4,67.8338371237,0,0,86.5857228163116,0,0
0,0,79.740900422891,1,1,63.4766994291003,0,0,0,0,88.9311401884185
1,37.8310871838695,71.1236159976487,2,1,74.7425136556795,0,48.5265480390012,0,56.8929514180388,0
1,52.8170273272427,78.0170495781774,2,4,72.6263175552362,0,0,69.4085478906721,59.5139885558343,0
0,0,93.1238851782132,2,1,79.6483712487242,0,0,0,0,100
1,68.6743573765166,79.709567525562,1,3,82.6001185021769,0,0,75.0898075388596,0,0
0,0,62.2120487411963,2,1,66.6139552689569,0,0,74.5819943822665,0,0
1,46.179674505138,77.689011258737,1,1,54.7075693511781,0,0,55.4670617008608,64.9834615500302,0
1,62.6227935736493,75.9597790978097,3,3,71.2647570831445,65.5147139231947,0,0,61.0710162602001,0
0,0,73.321694894307,1,4,92.9770250890878,0,0,0,84.9310726894807,0
1,43.5720478522191,88.025331344555,1,1,67.9026933491404,0,0,60.3488660458812,57.672014130122,0
0,0,88.9416721605497,1,4,67.438784967031,0,0,0,0,100
0,0,68.0744295409505,3,2,74.4678244927464,0,0,0,77.9662019195567,0
1,65.5899791172413,81.5011774898188,3,2,71.5930249405772,0,0,0,0,74.2067507866292
0,0,87.5185534525319,2,4,91.6597986345669,0,0,98.4681928545604,0,0
1,51.2411387361838,68.7136966685183,1,3,57.5871013638523,0,0,52.9332696088984,0,0
0,0,74.4384627254973,1,4,89.7551105825037,0,0,0,84.816762081862,0
0,0,74.4938597389766,3,1,73.4915691783584,0,0,0,87.2317921917831,0
0,0,70.9032059759185,1,4,82.5247867425644,0,0,0,79.2712134388365,0
0,0,85.4399368260754,3,3,72.4434878721335,0,0,0,97.3768762124744,0
0,0,82.6680344895402,3,1,53.1840226437095,0,0,0,92.8391270825486,0
0,0,74.4551113010971,1,1,75.6151403741284,0,0,0,0,87.1015196722488
1,64.2005130753312,64.2737495443177,2,3,48.122240031541,0,0,68.9571938423675,0,0
1,67.3564718325081,70.5567119502297,1,4,76.9181623339514,71.6208660116526,0,0,0,0
1,78.7601291449712,77.3883954422609,1,3,70.5567119502297,70.3110249886319,74.6242199610512,0,0,0
1,50.4657941451036,62.2100248296073,3,2,57.2942036676812,0,52.2276331607397,58.794110964321,0,0
0,0,68.0393883934174,3,1,66.3671230705864,0,0,0,0,78.6574074624205
0,0,75.9883127746865,2,3,49.5142722144896,0,0,87.8759041532716,0,0
1,38.6763810062784,75.5772736379522,2,3,83.502177274961,0,51.6272268548742,0,0,0
0,0,72.2723579885178,1,3,63.4318984677997,0,0,0,0,85.2636796148576
1,48.7287596263703,56.0959751559769,3,1,71.2271880020631,0,58.9972087691113,0,58.7077992365558,0
1,64.9944344830367,69.1449981948079,3,2,77.004818755445,0,0,75.8773287838756,64.9805300963027,0
1,46.541387521028,68.2112476629588,1,3,62.4106679504892,0,56.2536715910935,0,0,0
0,0,49.3166319169277,1,2,75.3501440428915,0,0,61.0181360495354,0,0
1,54.6979614296708,80.8160668546549,1,1,62.1635893943797,62.3734489773847,0,0,0,62.5683397527457
1,64.5548774683322,91.6597986345669,1,2,62.7375358205129,0,83.7945405791151,0,71.5489699339979,0
1,57.1567840042861,68.2411058219603,3,3,58.2719740917776,0,0,0,68.9412115027434,0
0,0,64.6512814429238,3,1,68.2631523631132,0,0,0,0,75.9695961999982
0,0,77.8912306965218,3,1,80.5686924905475,0,0,0,0,91.2438230935121
1,68.5564819872828,81.3621050610123,1,2,58.5011168754846,0,72.7950978713981,70.9032986902671,0,0
0,0,58.3450581539537,3,3,70.8761369725539,0,0,0,67.789910486484,0
1,76.1597796503214,74.9179210749162,2,4,67.4631463869295,0,73.3693163641975,0,0,0
1,83.2214080472327,70.2296214430765,2,3,74.4592744636135,83.4946255736323,0,0,84.0057779274762,0
0,0,61.0084210017552,3,1,76.0795806247653,0,0,73.1045290524776,0,0
0,0,70.3008263941152,3,3,68.4638701122455,0,0,0,0,83.9221250344516
0,0,74.4592744636135,2,3,68.6500987529661,0,0,0,84.1885486832484,0
0,0,48.9677384380438,2,2,77.5988448841427,0,0,59.6897408470822,0,0
1,53.7390421906582,58.3663364703739,1,3,77.001238195751,0,0,50.9665538574012,0,0
1,46.6351203484017,71.158832086659,1,4,54.2055810159557,0,0,50.6281392050922,0,60.1220618319991
0,0,77.5406932387712,3,4,64.3869444370746,0,0,85.4357977276121,0,0
1,51.1425624274127,71.8146410379438,1,4,74.9174825844182,0,0,0,0,62.0249742694385
0,0,55.5486039082353,1,4,75.1444647155821,0,0,0,0,67.7308795051482
0,0,68.5203300926137,2,2,64.1218261050008,0,0,0,79.7759815600097,0
0,0,66.9356431942934,3,4,71.9669582450736,0,0,77.9634542212377,0,0
0,0,78.8456061199354,2,1,76.3649317281913,0,0,0,85.7285453706031,0
1,46.5896623003127,76.8825551406108,1,4,55.3268955874205,0,54.9777107257572,0,65.1944471063519,0
0,0,60.0642229966307,2,4,64.0794146095294,0,0,0,0,69.4695138901791
1,71.7025751322623,80.5686924905475,3,1,76.2687297869205,0,0,85.9341689890943,0,0
1,65.3532050350226,70.9313506511344,2,3,67.2808035046999,0,77.5406181981439,70.0862084040647,0,0
0,0,90.2954480086346,2,4,69.1195448352399,0,0,100,0,0
0,0,86.7468518197643,2,4,75.1813427759145,0,0,0,0,96.6799709614546
0,0,59.4449977953067,1,2,60.8634106047029,0,0,0,69.6826264076231,0
1,60.6553091694462,82.5247867425644,2,1,53.9652386327041,63.9398581697015,67.2368225448068,0,0,0
0,0,71.5331286110971,1,1,44.6835609861341,0,0,79.813841611819,0,0
1,46.0576387825191,100,1,2,60.5998950233992,0,0,0,78.3240027399657,0
0,0,66.5856608642655,1,4,75.0686501597798,0,0,0,74.8064728848202,0
0,0,75.7820918351345,1,3,67.889100123609,0,0,0,87.864593008848,0
1,68.1105781676838,74.7425136556795,1,3,81.3621050610123,78.8475477963322,0,0,80.0081703064414,0
1,58.4191213084933,74.5712296994562,3,3,66.2167702611102,70.5647958979416,0,71.8794163326696,0,0
0,0,73.4915691783584,3,3,53.2993374263159,0,0,0,86.7862215708985,0
0,0,87.2659237989667,2,4,55.0903255073132,0,0,0,0,96.4604881630585
1,61.4182346977305,65.6605099317808,2,1,76.0378522978419,0,55.0460188026675,69.8074808240101,0,0
0,0,64.3892224662692,2,1,81.7926915162831,0,0,73.0659038536214,0,0
0,0,72.9543088664169,3,2,75.2427669547679,0,0,0,0,85.437777005616
0,0,89.8149898902876,1,3,73.4567633842599,0,0,0,100,0
0,0,73.0163140026637,1,1,65.3394099816219,0,0,0,0,81.8106494000105
0,0,75.6151403741284,2,1,89.2508109856712,0,0,0,0,86.9990051830374
1,73.9302194725489,75.4938671906346,1,3,71.341314998873,0,0,70.3418054403487,84.3233289332,0
1,51.6385548033665,73.6786222557218,1,2,65.6180140583904,0,0,72.1135104621418,72.2040595289412,0
0,0,66.5072498575017,1,2,68.9991985191225,0,0,0,75.530428064321,0
0,0,62.2800092289206,1,1,68.3458127376583,0,0,0,0,74.5032437157327
1,70.2971445487944,74.1473555032993,3,2,82.0399166290968,78.9051772520361,63.4122352377947,0,0,0
1,50.5831888442677,74.1244383832611,3,2,76.723446087223,0,53.36390814153,0,0,0
1,60.9315615788512,78.045700617966,2,1,65.2708433565487,75.4328326487677,77.4153655361404,0,0,0
0,0,88.1371943977904,2,1,78.8114395338468,0,0,96.7655884218901,0,0
1,75.6851302664727,80.2045113936558,2,2,80.3205360006338,0,0,70.5070593317221,0,70.2037405037408
0,0,66.1572158038476,2,3,93.7223527183225,0,0,0,77.1102390143322,0
1,69.8604462624706,54.6765650566035,3,4,66.9429957051642,0,0,0,0,61.8348942094348
1,47.6260161623393,77.6316912012531,1,1,51.4635282564297,53.1249042625747,0,0,63.3060212645282,0
0,0,76.0171753108885,2,4,66.4626260010761,0,0,0,83.1211724631333,0
1,60.7937308867421,75.2871351841281,1,1,59.5026791603862,63.0025450148618,76.0558068725894,0,0,0
0,0,79.9459596350454,2,3,66.5991526807788,0,0,0,91.194758763134,0
0,0,75.1813427759145,2,2,67.694823756923,0,0,0,0,88.3138879635123
1,77.4033287072142,65.8745582283971,1,2,67.1610656661088,0,71.4722579708236,0,63.294096326189,0
1,72.3366832725238,59.6552028774987,3,2,75.8634310965496,0,0,66.2618172633448,66.0398267721981,0
1,55.3620231787471,58.4083329217923,1,2,70.7738938148644,0,0,63.087815085331,60.6294498129582,0
1,33.7638670177506,90.8187694696848,3,4,66.150132175918,0,0,64.7488053353499,71.6023712884732,0
0,0,52.1851943125957,1,3,64.4908338079754,0,0,58.4179199536086,0,0
0,0,72.0668426767186,2,1,86.4273613587581,0,0,0,79.8333469917575,0
0,0,79.4539372699944,3,2,63.4517123745837,0,0,0,0,86.015627090526
0,0,57.3891653219586,2,1,69.2831502871828,0,0,0,0,67.5335621918174
1,66.2288552939137,85.5688817322156,3,3,58.9286477372597,69.0194665279124,0,0,0,0
0,0,67.694823756923,2,4,54.5087609222553,0,0,83.922324297988,0,0
0,0,78.3170489451155,3,2,78.9458202465517,0,0,0,0,90.209016624033
0,0,69.9951395590382,1,2,50.9846117233909,0,0,0,0,79.0683973641244
1,42.6449989059105,69.1288240328088,3,1,77.3883954422609,0,61.1497109434205,48.4087271471036,0,0
0,0,46.1463245963986,3,1,72.2938911798462,0,0,56.5282229160141,0,0
0,0,73.882525578841,3,1,69.776106643933,0,0,82.1868681411386,0,0
0,0,83.5756723058213,2,2,66.879382017429,0,0,91.5840601077921,0,0
1,65.0035904184151,67.6169626959399,3,4,68.6283393627416,67.2291418859754,0,0,0,69.8659020487166
1,46.1258654800046,71.3469803790595,2,2,73.5878722795947,0,0,64.3461719982008,62.3377689816083,0
1,40.4395150033655,62.1635893943797,1,3,81.3158684126319,0,0,0,41.4497025596132,0
0,0,61.1009082723632,2,2,73.892605508624,0,0,69.9184019651533,0,0
1,77.6673246114846,85.1296498891898,1,2,53.9314990709228,0,0,91.3614197742013,0,0
1,44.7201116509873,79.8502987515599,1,4,82.5650668121351,70.6135929423575,0,0,0,0
0,0,76.326682130489,3,2,62.6604229550891,0,0,87.0557628739846,0,0
0,0,76.5696932942067,1,1,80.789748719947,0,0,0,0,82.9621383703213
1,87.50925245156,77.6477839259939,3,2,57.6231196753496,89.3649522941844,0,79.2892835296834,0,0
0,0,67.9988323755379,1,3,67.9151110668214,0,0,82.6121964525033,0,0
1,57.7909863455606,73.8194818206374,1,3,60.6742255652713,0,66.5162927368792,0,56.6569344166923,0
1,57.556501426409,64.5237055388779,1,3,71.0499259461473,0,55.2725350675557,53.3489069501929,0,0
0,0,85.5049671675668,1,2,62.3990397564654,0,0,0,0,96.0783981054489
0,0,80.7567356607136,3,3,68.8885371618333,0,0,0,0,88.2715386686474
0,0,69.195368261027,2,1,70.614688242167,0,0,77.8172665093586,0,0
1,47.4464151974771,65.8538801704515,1,4,59.7674785734692,0,0,48.2600757164602,46.8869409981629,0
1,55.6677256621901,50.537940597015,2,4,67.6082873206834,0,44.3010907010404,0,47.7368512777722,0
1,64.1241916911943,68.6122954272258,1,3,68.5218214509192,0,67.7245635940266,62.2179731599819,0,0
0,0,68.0847188172673,1,3,83.6011442204743,0,0,78.2681583942225,0,0
0,0,57.1648349852819,2,2,64.6026854677693,0,0,0,0,67.9670798934643
0,0,54.4434696770917,1,4,75.4665612621031,0,0,0,0,69.4995915512241
0,0,75.6984720299115,2,2,58.7101018521435,0,0,86.511214986542,0,0
0,0,66.5821037392792,3,2,64.5602129407981,0,0,0,0,74.5483276230133
0,0,61.7722651296063,3,2,77.4849423183723,0,0,0,0,73.515233496552
1,53.8796131115135,63.9975477562825,3,1,62.2256616571582,0,0,0,65.7542237143552,0
0,0,88.995284087108,1,2,65.1930741551505,0,0,98.4438104120076,0,0
0,0,67.6082873206834,3,4,74.7476426339003,0,0,0,0,77.1013521420462
0,0,75.0498701950768,1,2,66.0472583554365,0,0,0,0,87.0245869474356
0,0,71.5749825165747,1,3,75.0787940626786,0,0,0,81.7911326952834,0
0,0,83.67237780767,2,4,76.9914390201092,0,0,94.8327200968324,0,0
1,41.0162696810199,65.1927659633366,3,1,61.1009082723632,0,51.4111706575435,0,55.7032325293756,0
1,76.9681625435776,67.9026933491404,1,1,59.3420547217672,0,82.0397973926274,0,65.536540458484,0
0,0,65.6554492346739,2,3,72.3137213752189,0,0,0,0,74.7899052320072
1,56.4459190098468,69.9036610254315,1,3,72.7776623245447,0,0,63.5417825529441,63.0934088277282,0
0,0,66.2618807654669,3,3,76.2044218219243,0,0,0,77.5724667783711,0
0,0,89.2508109856712,1,2,63.1148171250138,0,0,0,96.642155328343,0
0,0,85.1494013430515,2,2,74.9889900129432,0,0,0,92.8420076527699,0
1,64.6959241405311,52.8004939936243,2,4,55.5486039082353,0,0,51.6540516391278,0,0
0,0,53.7792620332985,1,3,71.2771598306481,0,0,0,64.7079561848692,0
0,0,68.111416580149,2,3,66.0458313785293,0,0,80.2395338784306,0,0
0,0,59.7674785734692,3,4,70.818587694525,0,0,0,0,68.9425486522788
1,68.9389677574028,67.1745026736242,1,1,55.1623958079355,0,0,58.5551752012242,0,0
0,0,48.122240031541,2,3,57.0397052384648,0,0,0,0,57.4432011101026
0,0,82.588861488552,3,2,64.5322714641805,0,0,0,91.0584917070845,0
0,0,68.7629086591079,1,3,68.8797659523836,0,0,0,0,79.2090393309298
0,0,79.6852617712185,1,1,60.0140906000927,0,0,0,0,90.1744762622909
0,0,58.5011168754846,2,1,68.9281658894704,0,0,0,0,71.1804857906927
1,58.4397864410163,71.2271880020631,1,4,80.5003014220159,0,0,0,65.4585575532068,58.0782891139781
0,0,64.1098663305088,2,2,84.2924969916883,0,0,73.3144099673124,0,0
0,0,69.5631541670608,2,3,66.1572158038476,0,0,79.1332744572251,0,0
0,0,80.4303140888079,3,1,71.979197589758,0,0,0,0,94.3964915725253
0,0,79.0480838979506,3,3,55.3739292559393,0,0,0,87.4473453580342,0
0,0,76.9181623339514,1,4,49.3157861016529,0,0,0,84.6100614193382,0
1,68.359619535266,62.2256616571582,1,3,65.0641464039877,0,0,65.0886765055367,0,0
0,0,69.5994545934203,2,4,85.7630934128691,0,0,84.4118488935271,0,0
1,76.6718258504958,80.3829662760048,3,3,67.4197857268204,82.0289059125138,0,0,0,79.3070241336531
0,0,73.4536484487096,1,1,81.7640193263685,0,0,0,81.7061271761198,0
0,0,85.4096483495255,2,3,64.1300774444612,0,0,0,0,95.4323141250163
1,46.1981673254001,56.6504577588436,1,4,78.8122763094211,0,0,49.8843967005892,0,0
1,62.7905489522372,66.9608642070054,2,4,79.9459596350454,0,0,58.6780922151035,57.3830075466361,0
0,0,71.1240170269438,1,4,64.5758862531991,0,0,80.6464260466713,0,0
0,0,79.7705418730488,3,1,50.0037896185489,0,0,89.2855332883796,0,0
0,0,68.5800426456718,2,4,48.5549718440448,0,0,76.9617071675939,0,0
1,41.3212977715365,77.9146521614428,1,2,66.0129198414432,66.5776479637069,0,0,0,67.3138193590364
0,0,66.1741210807848,3,2,61.9677670342659,0,0,0,0,75.3699584717377
1,45.8132397866155,75.4665612621031,1,1,65.0762159837962,0,58.9922711492946,0,0,0
1,69.1060752687189,69.7718457880229,1,3,48.2073207369812,0,77.7590945168068,59.6233474464383,0,0
0,0,62.7649065609092,2,1,69.381682201795,0,0,71.6185523168772,0,0
0,0,79.2295047234049,2,1,52.1851943125957,0,0,86.4041789213289,0,0
0,0,71.9426274984932,3,4,59.4165452388066,0,0,0,81.9638167616836,0
0,0,86.3219193411181,3,2,53.2028689001579,0,0,0,94.4153722909457,0
1,64.7055168036227,66.7496425352488,1,3,69.2453183644933,0,0,67.2413664974045,72.7265054003841,0
1,28.2527991315643,66.6597440722667,2,2,66.0091441392034,0,0,45.6650340057546,0,0
0,0,78.5906184521923,3,4,66.9798323545928,0,0,0,90.9847238063015,0
1,67.2805006850386,64.8187181813715,1,1,58.319673796644,0,69.4899859838576,0,72.2807433847454,0
0,0,89.0054672929491,1,3,62.6956712352533,0,0,97.3688262474911,0,0
1,54.4651398985268,54.2162703323084,2,2,50.537940597015,0,0,55.8928154162744,59.2682731095408,0
0,0,82.0399166290968,3,2,70.4359908688003,0,0,93.5221683556986,0,0
0,0,77.9838814462888,1,3,74.1204914045923,0,0,0,0,91.7538894286789
0,0,57.9124218770374,1,1,80.8953144144654,0,0,67.3865756186129,0,0
0,0,61.6669964582202,1,4,64.605523901391,0,0,0,0,74.1018683300483
0,0,75.9711422273461,2,1,83.8273216368452,0,0,0,84.211079855509,0
1,53.8210650087934,80.3205360006338,2,4,86.0783685851665,0,0,0,58.1919313101086,0
1,76.8663989626472,61.071858189124,3,1,76.3294452379946,0,0,78.8910223294995,0,0
0,0,70.2600047989051,2,1,93.331733721908,0,0,82.0699482409252,0,0
0,0,69.2347924984182,3,2,66.1517652700266,0,0,0,0,79.0369669079105
1,66.6371995114307,69.0235577676993,2,2,60.3594470770035,0,72.8620906803231,0,0,0
0,0,69.1170522507253,1,4,53.5904512286694,0,0,78.1284768155569,0,0
1,79.6775391484305,78.5252203819643,2,2,56.3600522784184,0,0,81.8217511771356,0,70.8723119767024
1,79.2442677462487,61.0130539686803,2,1,68.7629086591079,0,61.5053513537588,0,0,0
1,67.6083003742707,71.7791768815729,3,3,70.4688849339954,0,0,65.3568645421852,70.8125427036859,0
1,43.4821095656013,86.0783685851665,3,3,70.3273233154187,56.4794810238217,0,70.014976396979,0,0
0,0,69.8809844873436,2,1,55.0536976627269,0,0,0,78.3429423655342,0
0,0,69.002538888068,1,3,63.6520895770411,0,0,76.7078171039047,0,0
0,0,63.3955194656412,1,3,72.4587854228316,0,0,72.2217878746428,0,0
0,0,75.2502267598033,2,3,77.6756673189332,0,0,0,83.794261101805,0
0,0,80.5003014220159,1,4,56.3407868063274,0,0,0,91.9470405806024,0
0,0,45.1998903989578,1,4,82.8054317555016,0,0,0,55.4974949900686,0
1,53.7763205279114,70.2840009804538,1,2,68.6965020600707,60.170423174,0,0,63.6171636911574,0
0,0,86.9413748882904,1,1,72.3698799796014,0,0,0,94.5175717974259,0
0,0,89.9073367580123,2,1,69.0350906191,0,0,0,100,0
1,48.0650247800496,68.6283393627416,2,3,72.3334539883075,0,54.3420991910447,62.9981839404598,0,0
0,0,62.5763303269516,1,1,79.2413190543253,0,0,0,73.4315362074075,0
0,0,68.7463519970783,3,4,61.8241536588777,0,0,0,77.9711273297619,0
0,0,80.0747413049427,2,3,82.6071725879805,0,0,89.252209590526,0,0
1,95.8944534257706,72.0100159356354,2,3,74.5712296994562,80.9538906788807,0,0,78.8156759316164,0
1,52.3010016770671,69.8344836211139,1,1,75.7820918351345,0,54.0960524469091,59.5645208962904,0,0
1,42.5173525346383,78.7850266876617,3,3,68.0370316328505,0,0,57.0055561864125,53.2854435299377,0
0,0,64.3754367244308,2,3,66.767512933989,0,0,0,77.0664336415072,0
1,84.2224400069733,48.2073207369812,1,1,84.6434075547426,0,0,63.0989232871115,0,0
1,66.9322466960208,67.9044840382722,3,2,69.6424949315851,0,61.5843783166255,58.4665085021091,0,0
0,0,84.7783063091857,3,1,84.1061171030171,0,0,92.5710280950183,0,0
1,40.8642146450312,63.1148171250138,1,1,77.4449116365757,0,56.376980599334,0,43.938124195141,0
0,0,65.1930741551505,2,4,69.0520995963491,0,0,0,0,71.8655824294427
1,52.8743030506517,71.5379021197956,1,2,53.733926723091,56.754602799547,0,0,0,66.7622873156793
0,0,67.438784967031,1,2,51.8643384641512,0,0,0,0,73.3611281439856
0,0,81.4584737049104,1,1,66.4725729185031,0,0,0,0,93.1003004685634
1,66.0397478750856,76.0795806247653,3,4,77.9838814462888,0,0,75.2594025517436,78.2985428137135,0
0,0,64.9488891002259,1,1,75.5019949853692,0,0,0,75.0699094811214,0
0,0,82.8480404212118,1,2,58.630237479352,0,0,0,0,96.0809652716768
1,62.6814480863403,62.7375358205129,1,2,78.2439883565392,0,0,68.5312882576209,0,0
0,0,84.2924969916883,3,1,72.2862900716538,0,0,0,0,93.230471402683
1,57.8717432329042,57.0397052384648,1,2,75.8615331829988,0,0,0,65.4606520553319,0
1,56.5352374467627,68.6165313449725,3,2,67.1039791898501,0,0,0,69.244514506568,0
0,0,82.6336450897457,1,1,88.025331344555,0,0,94.6311610075227,0,0
0,0,75.3501440428915,3,3,76.1581002787016,0,0,87.3073986660262,0,0
1,55.7304376320755,60.3347647149633,2,2,61.6681888160473,0,58.4868179534313,65.7720816725741,0,0
0,0,76.0933264477748,1,2,78.7450653839695,0,0,81.9981035968433,0,0
1,68.5758318650042,68.118972541562,3,4,71.8818761843159,64.9910612565465,0,78.1794518003454,0,0
1,62.7039267959171,55.3827393810601,3,2,74.9152285731671,0,0,56.4316887753599,59.9633468367585,0
1,53.3811073842469,72.8489311486431,2,1,42.6786561702032,0,69.392986656357,0,0,61.0845125141864
0,0,74.8155785247583,1,2,72.1985952883441,0,0,0,0,83.857387288256
0,0,65.0641464039877,2,1,62.2283888915503,0,0,0,76.8550880229203,0
1,82.9075136020265,66.0129198414432,3,2,63.3955194656412,0,0,0,80.8602505661187,0
0,0,61.5222657160477,2,2,72.1571220015883,0,0,0,68.6619155013389,0
0,0,78.8850678550478,2,1,89.0054672929491,0,0,89.8016451028658,0,0
0,0,62.8387897321506,1,2,65.3061269083887,0,0,71.8913653186204,0,0
1,68.8794454307876,84.7074984487254,1,1,66.287390426857,0,0,0,0,84.9832152521263
1,76.7491024366906,70.614688242167,1,2,84.7585655567002,0,0,64.4022698739869,67.1736335444025,0
0,0,78.7450653839695,1,3,61.6170315772234,0,0,0,86.8253139037789,0
0,0,76.1531960988092,2,1,73.0163140026637,0,0,0,85.9726537991136,0
1,51.9670036173334,93.7223527183225,3,2,68.8289634286174,0,0,77.6922401450534,0,65.0253660167882
1,45.9436617362704,66.9444317917151,1,3,75.6984720299115,0,0,57.952209443176,0,0
1,56.6103710832366,74.1601563473519,3,2,86.0536456332824,0,71.5608380704337,0,0,0
0,0,62.1386555304639,3,3,64.4924007462175,0,0,0,70.1096031208665,0
1,33.5460353887939,67.9114139187676,1,4,71.0035292624293,0,58.1871421966189,0,0,0
1,39.2840381658334,86.6506266303592,1,3,71.9044633876291,0,0,68.9534247703181,0,62.6974520160337
1,50.2723575176959,78.6113443662454,2,4,64.2737495443177,0,0,69.0252330726423,62.7442586500059,0
1,70.4798892168662,64.7179196557314,1,2,63.8510062091313,0,65.759173830096,60.5911629613208,0,0
1,62.764786654227,73.6706344074268,3,2,62.8769067007114,0,75.4345518688054,0,0,59.2012869256347
0,0,57.0959727506848,3,1,76.0171753108885,0,0,0,0,66.9540094386399
0,0,64.5602129407981,2,4,78.6324667316037,0,0,0,0,76.3502196224614
1,55.0306038021164,46.4569981473433,2,3,67.9988323755379,0,53.2579498784675,59.331791458728,0,0
1,59.6995420136129,75.9348608302217,2,1,75.4938671906346,71.7303426614162,0,72.2725703444871,0,0
1,48.1500385373059,68.8885371618333,3,2,77.6477839259939,0,0,64.2046488565185,0,0
0,0,92.750754275752,1,4,66.0688433687606,0,0,0,0,100
1,57.2906717477711,65.090454976565,1,2,65.8545335946207,0,0,56.1882553048854,0,0
0,0,74.4678244927464,1,1,81.8035436357117,0,0,0,0,80.845871299486
0,0,71.2848898165051,2,1,64.3754367244308,0,0,0,83.2872489645967,0
1,31.9861422310069,88.3933193552385,2,3,70.3184311713285,67.5105414630817,0,0,58.315445970873,0
0,0,65.7843509857598,1,4,58.0181332247956,0,0,0,0,79.0182339290527
0,0,71.5104272070602,2,1,85.1494013430515,0,0,0,0,79.6040049054274
0,0,76.0758850145166,2,2,78.9050245825478,0,0,0,0,86.7181274386408
1,52.6305769907008,64.4924007462175,2,1,76.7390279221813,0,0,0,57.0012460905174,0
1,15.4687124718909,70.8293969013925,3,3,65.1659641469007,0,0,35.0064597625385,0,0
0,0,49.3476895017036,2,3,69.1449981948079,0,0,0,0,54.9802900207078
1,99.1992884348024,70.7866746166915,1,3,66.9990182189596,0,88.621947746674,0,86.5053622301352,0
0,0,53.437054908155,1,2,79.7567293369879,0,0,0,0,63.2248132018025
0,0,75.8601971599403,3,3,76.3408342003616,0,0,0,0,85.8359662257299
0,0,64.4679752534305,3,4,68.7463519970783,0,0,74.4118498336818,0,0
1,70.4215632777915,66.9479037707223,2,2,68.7705687744657,0,73.062313655898,0,66.9607609511618,0
0,0,71.1381810508832,1,1,68.7122243492066,0,0,0,0,80.4932051759806
0,0,72.7776623245447,1,3,77.3520095923006,0,0,0,0,81.9180048600256
0,0,75.1857503442142,1,2,73.321694894307,0,0,0,0,83.8990083441366
0,0,74.2324365090069,1,2,58.4083329217923,0,0,0,0,83.0079593680651
0,0,82.7070493967877,3,4,54.830537705923,0,0,89.4957681961044,0,0
1,63.024051129832,72.1571220015883,2,4,74.3879259195485,0,0,76.1058115906994,0,71.024578129943
0,0,75.8634310965496,1,3,51.5931916450126,0,0,0,0,86.8358627763408
1,83.2989771651002,76.7390279221813,1,3,62.5653646634104,70.3735536679134,88.3597821005698,0,0,0
0,0,58.630237479352,3,4,79.7316071847601,0,0,0,70.3003458992783,0
1,79.4154364248924,62.8922424107908,1,3,74.4551113010971,0,0,62.563644728012,61.8238345565524,0
0,0,53.733926723091,1,1,60.9260547291414,0,0,0,62.5058623089213,0
1,44.8680351428227,48.7109517434206,3,1,69.017685567852,0,43.6478911738648,48.7752430710813,0,0
0,0,71.6797589431875,2,1,67.2334514159551,0,0,0,0,81.5605810236403
0,0,75.9363680968303,1,2,77.0352863345131,0,0,85.0217515445061,0,0
1,25.219999948509,74.9522144485772,3,2,65.2481012381256,0,47.8187216309347,0,0,53.1246610366774
1,69.6166737934199,79.7567293369879,1,1,84.7783063091857,0,79.6406458391702,73.2791387277234,0,0
0,0,58.3734594764367,1,2,75.8204258856563,0,0,0,0,69.1524349867857
1,28.4936816842,63.1118224463182,2,2,63.1195046288906,0,46.98549975594,38.4630167153724,0,0
0,0,70.8761369725539,2,2,64.8230491854743,0,0,0,82.8784916593687,0
0,0,81.347461860893,2,3,78.8991050966069,0,0,0,90.7334881424588,0
0,0,65.3740100837672,1,1,85.5688817322156,0,0,72.7604902600123,0,0
0,0,75.4835726566187,1,4,64.2803111675073,0,0,0,86.415340720215,0
1,87.422374144646,69.7065657006011,2,4,62.2594076115111,0,0,79.1813524168696,84.2148098654794,0
0,0,75.1600192102572,3,3,73.0264066317711,0,0,0,0,85.0987170662004
0,0,62.4562457937533,1,3,51.0879149078263,0,0,75.3584476062762,0,0
0,0,83.502177274961,2,4,55.1391186251122,0,0,0,0,94.2021757801108
0,0,76.8004252394413,2,4,84.8429784051786,0,0,0,0,89.3425887170804
1,54.8975448913172,77.4397373606363,1,2,59.4449977953067,0,0,60.3120539955589,0,74.5712730519385
0,0,71.7715592204496,2,2,66.6597440722667,0,0,0,82.4897090902075,0
0,0,62.0341077664276,3,2,57.3891653219586,0,0,73.0317103401866,0,0
0,0,74.995981304147,3,1,53.19222967247,0,0,0,0,83.0957644628812
0,0,69.3508268385315,1,1,70.1659259635594,0,0,0,0,79.3329399467316
1,77.7710793280041,47.24840168634,1,2,75.5772736379522,0,64.5546344097359,0,61.4773528218195,0
0,0,71.4617762998914,3,3,67.3359264388226,0,0,0,0,84.9057924584814
0,0,75.4496740508939,2,1,54.2162703323084,0,0,0,0,85.8951642259643
0,0,58.0181332247956,1,2,69.5994545934203,0,0,67.9085239027143,0,0
0,0,79.5024580543587,3,3,51.5552485928789,0,0,0,89.1006235014945,0
1,86.0544694235692,69.090487108128,1,4,85.040510711722,0,0,78.3903209550534,0,0
0,0,81.0758891686947,3,4,69.2374507836282,0,0,0,92.7495216400892,0
0,0,68.7122243492066,1,4,54.336597668544,0,0,79.2254853584632,0,0
0,0,71.3193102508403,1,3,64.7179196557314,0,0,0,0,81.0313741195554
1,58.9393801969224,73.9172537737271,1,3,79.0480838979506,70.7688484613737,0,0,70.1688171055334,0
1,43.5512831953772,73.0097437611502,1,1,65.3168407045577,0,0,63.2076390158486,0,63.4209934899645
0,0,67.889100123609,3,2,68.111416580149,0,0,0,73.7565029936973,0
0,0,65.2275380748807,3,4,65.8538801704515,0,0,0,75.6562011168656,0
0,0,73.8539821398306,3,4,71.1236159976487,0,0,0,83.9095518298817,0
1,68.2721270353039,78.8122763094211,2,4,83.9431079413714,77.0110404636137,65.0950403638058,0,0,0
1,49.5311757341188,72.3698799796014,2,4,100,62.4043018271617,0,0,0,69.8036380480795
0,0,82.5812935409104,1,1,66.9587669024325,0,0,0,93.590106664216,0
0,0,59.5533652384739,1,4,66.9644400370142,0,0,0,0,70.3343362079096
0,0,66.0472583554365,3,1,65.5880269920225,0,0,0,78.1849261900031,0
1,49.224501692103,66.9453256204399,2,3,79.4424042014108,0,62.494534188431,0,55.2483731277452,0
0,0,65.9266673526665,2,1,79.4539372699944,0,0,76.1080500166939,0,0
0,0,65.2481012381256,3,3,71.1240170269438,0,0,0,0,78.0102181227271
1,39.6133644480964,59.5818344333341,3,2,64.4345786522209,0,0,42.3663455199242,56.7910807802962,0
1,65.631913812656,65.4121173096881,1,4,91.8047635008912,0,60.2849854151984,0,74.9886661650592,0
0,0,74.7476426339003,2,1,75.2502267598033,0,0,0,84.9181328224051,0
0,0,66.150132175918,3,3,65.6554492346739,0,0,0,76.2389353805729,0
1,78.1606596616752,82.6011871915338,2,1,54.1513349098657,0,0,90.3149209392637,0,79.1269934187798
0,0,61.3159563692597,3,4,79.814990257749,0,0,0,68.2199829425359,0
0,0,73.636408497447,3,3,45.1998903989578,0,0,0,84.1307254327457,0
0,0,70.2166330666407,3,2,46.1463245963986,0,0,0,0,81.2913838340187
1,71.2755261062098,69.4466615398095,1,1,52.8004939936243,0,63.4356234893216,66.7314276829669,0,0
0,0,78.3520594773251,2,1,81.4344671918246,0,0,88.7799064178699,0,0
0,0,63.8510062091313,3,2,89.6072291269639,0,0,0,0,71.7315723803508
0,0,77.5091434205198,1,1,71.891467228041,0,0,0,87.6917715220622,0
1,100,68.8289634286174,3,1,80.0747413049427,0,0,87.9466784856629,0,0
0,0,62.3639759256458,2,1,68.958580982679,0,0,72.1094677688602,0,0
0,0,71.9044633876291,3,1,65.3087194934957,0,0,0,0,85.0942975019347
1,100,78.3817370379056,1,4,73.9172537737271,0,81.1819435268803,0,0,0
1,60.0748155329621,65.934122348587,1,4,76.8825551406108,0,0,0,65.6893632919394,0
0,0,68.6933969265943,2,3,59.3580026289049,0,0,0,0,79.2985465459238
0,0,81.7926915162831,1,1,61.4901124381805,0,0,94.1137288691314,0,0
0,0,66.0069765214954,3,3,69.9951395590382,0,0,0,0,76.2478728511428
0,0,71.341314998873,2,2,72.9543088664169,0,0,81.9806763681039,0,0
0,0,84.8896762538605,1,1,53.2458837985986,0,0,0,0,92.2614190973296
0,0,50.0037896185489,3,4,75.1501176308054,0,0,0,0,63.0548774849638
0,0,79.7490408115639,1,4,60.0578339614503,0,0,0,88.5030100189931,0
0,0,51.0073703860156,3,3,58.3663364703739,0,0,0,0,59.3178614814986
1,45.3139130252626,55.1623958079355,2,4,69.195368261027,0,0,51.9882628692623,0,0
0,0,65.6180140583904,2,3,63.4205327779619,0,0,71.3325526256397,0,0
0,0,62.1148925329296,2,2,93.1238851782132,0,0,71.8412502763613,0,0
1,79.2340347636907,78.7925372123313,2,3,71.3691362297003,70.8408532749856,0,0,0,72.157602293815
1,63.6984847364695,60.8457177533074,3,2,72.7408015354137,0,57.9655476783568,54.6967577106709,0,0
0,0,73.9649138861359,2,2,78.5252203819643,0,0,81.5397346421787,0,0
0,0,74.9901905638918,2,1,72.1510099797349,0,0,0,0,85.074961722893
0,0,55.6133867407,1,1,64.8187181813715,0,0,64.1317149512639,0,0
1,74.3264150371279,61.4642180370687,2,2,69.2230140474579,0,67.7656362947849,71.4328402752601,0,0
0,0,62.3975014288738,1,2,84.9723323822948,0,0,0,68.6444340231812,0
1,48.1708887182106,85.7630934128691,3,2,58.2474032548345,65.0032006221879,64.9962149901491,0,0,0
0,0,63.6520895770411,1,2,69.8335570763116,0,0,0,69.4966709543362,0
0,0,78.5103693266008,3,4,79.3686923450124,0,0,0,90.5409122242838,0
0,0,72.2152021772225,1,1,80.1527722270312,0,0,0,0,80.5996241396925
1,76.7531995037263,62.380022779601,3,2,58.9299001902706,0,62.502817771579,60.6443453222415,0,0
1,38.4356504776805,69.2831689409779,3,4,66.009487170635,0,0,0,57.9497604598496,62.2748088877826
0,0,51.0879149078263,2,4,86.6755751936673,0,0,0,0,62.1378702678563
1,61.9103425914109,60.3594470770035,3,2,42.9036098653163,0,0,68.9835821392909,57.174181608286,0
1,82.4432703131564,66.5917853844156,3,1,68.5203300926137,0,73.7612891095788,0,0,0
0,0,55.7627611603173,2,1,65.8626006643724,0,0,0,64.6171066340624,0
0,0,54.1513349098657,2,3,62.8537417889824,0,0,0,0,63.660437295862
0,0,70.4688849339954,1,3,76.2633340562229,0,0,0,81.1939748909731,0
0,0,70.4359908688003,3,3,76.0933264477748,0,0,0,80.3580435105305,0
0,0,55.1219464665821,1,2,66.5856608642655,0,0,0,67.8087494903493,0
0,0,65.3550994255346,1,2,84.3839831771251,0,0,0,73.2820083805189,0
0,0,79.7316071847601,2,2,74.1244383832611,0,0,89.3083171488176,0,0
0,0,83.8789750968009,3,2,68.5800426456718,0,0,0,92.7923069358855,0
0,0,81.874552630505,2,4,56.6504577588436,0,0,91.6844051621316,0,0
1,37.5349476724769,55.1391186251122,3,3,60.0642229966307,0,0,42.4191599073525,0,51.7337750735137
1,67.1761983875992,78.5080614035442,1,1,81.0758891686947,66.5903632401609,0,78.7276190060406,0,0
1,74.2365399242897,69.2773691250489,2,3,65.3726506214803,0,71.5971525999073,0,0,0
1,74.1892994548425,65.1659641469007,3,2,55.7509165325453,0,74.8803103942761,0,72.8945040157003,0
0,0,76.9789722540574,3,3,70.7793928379961,0,0,89.7687307030671,0,0
1,35.4127584392246,65.7576675423147,3,3,68.8111453471315,44.1962223690143,0,0,50.6390073473704,0
1,47.643232725254,54.3587183755073,2,3,79.709567525562,0,50.1871276074083,0,59.2940807617827,0
1,81.1162386911149,82.6071725879805,1,1,71.7791768815729,0,0,72.3385684272588,91.0277506889019,0
0,0,57.4520519867419,1,4,60.224518517938,0,0,0,67.2574469250481,0
0,0,63.9286773976111,2,4,66.394395866956,0,0,0,0,74.6953429143091
1,79.252281414615,61.6681888160473,3,1,66.9479037707223,0,79.1423923172812,0,71.923355803709,0
0,0,72.9968585643567,2,3,69.2831689409779,0,0,0,86.1431763319612,0
0,0,44.6835609861341,3,2,65.7406495981507,0,0,0,0,54.9388599818939
0,0,64.6026854677693,1,3,74.7541657081664,0,0,71.2728327424944,0,0
0,0,64.4345786522209,3,4,85.993247681497,0,0,0,75.7751071371065,0
1,34.7897531047019,81.7640193263685,3,3,68.0692655748504,0,0,66.0129244659086,0,0
1,53.3717244798225,59.8601945928661,3,1,64.5237055388779,0,64.0636167695404,0,58.8126884557805,0
1,59.3205071104842,75.8253930375431,1,2,59.6468704707148,65.5318004043559,67.8618152460229,0,0,0
0,0,92.9770250890878,1,1,74.1473555032993,0,0,0,0,100
0,0,76.2044218219243,3,3,64.3892224662692,0,0,85.3398002158702,0,0
0,0,68.958580982679,3,2,70.2224482750061,0,0,78.438836438341,0,0
1,71.8160699799995,82.8054317555016,2,1,59.5818344333341,74.5832737422639,67.8032773927937,0,0,0
0,0,85.993247681497,1,2,78.6113443662454,0,0,0,95.7498593065172,0
1,70.8592802165047,69.0839967086614,2,1,85.1296498891898,0,61.3997819736356,0,65.0706038394064,0
0,0,82.6269476181555,2,1,77.2315680746025,0,0,0,90.3968224073839,0
1,90.9789053571764,62.8072396102336,3,1,69.3508268385315,0,80.308925738417,0,80.2722133246697,0
1,85.3668442985684,58.9286477372597,2,1,77.689011258737,0,80.3838538861814,0,0,0
0,0,83.6011442204743,1,1,54.3094789471078,0,0,0,90.6629790556793,0
0,0,54.3094789471078,1,2,62.8072396102336,0,0,65.2630176215106,0,0
0,0,62.825164901862,1,4,58.3734594764367,0,0,0,71.0439688502225,0
0,0,66.0091441392034,1,1,75.1857503442142,0,0,75.6986073476989,0,0
1,39.6553507575074,64.1300774444612,3,2,76.2088483069761,0,47.2109001915652,57.9755352632547,0,0
0,0,61.1763449800831,3,1,73.2658467485912,0,0,0,68.7820221006632,0
0,0,76.5730854880666,3,4,69.8344836211139,0,0,0,0,83.3835896193873
0,0,62.0342736325052,1,2,61.6858378491742,0,0,0,74.3211317160467,0
1,31.4731280295611,71.0097430871417,2,4,62.4448643705661,51.865597163964,0,57.9199474918823,0,0
0,0,50.9389292446698,3,3,58.4113750059102,0,0,0,0,59.5219481706247
1,52.2141115245455,71.4967270583784,2,1,75.9711422273461,0,0,64.0091724832493,0,68.4439661211871
0,0,64.2803111675073,2,1,59.8601945928661,0,0,74.1781809009156,0,0
1,70.9155431290282,67.6923305829028,3,2,68.118972541562,0,72.5334281153508,0,69.3353681741257,0
1,49.3745400927985,75.3988893176477,3,4,86.9903753313078,0,0,62.8331191738495,0,54.3182914167678
1,55.0981679192256,69.2831502871828,2,3,71.7354796126171,0,0,71.7422784799962,67.9040881750053,0
1,77.5686237913893,76.3294452379946,1,4,53.7792620332985,0,86.7067291326354,69.1164152688156,0,0
1,48.985481546142,73.5878722795947,2,3,75.2197783637846,66.0494243952912,66.4617384255573,0,0,0
0,0,48.2342416195753,2,2,69.1288240328088,0,0,0,58.7258759973213,0
1,46.0179643692124,77.5464931775298,2,4,74.9845356710038,58.6879009822792,0,0,54.2688069400029,0
1,58.5439236492004,57.2198926535583,1,2,51.759081623189,0,0,53.3851264390851,61.1289151937214,0
1,78.21718231088,67.2808035046999,3,1,69.7718457880229,0,71.8882506653197,0,69.1754712341155,0
1,28.2067356248654,64.5322714641805,2,2,58.6503504355408,0,0,44.6918616710045,55.6677511165544,0
0,0,87.2313569999527,2,4,55.9101582667342,0,0,0,0,95.2144850491507
1,52.102603940528,60.1220177851216,2,1,63.1180713590443,0,56.2858044167639,0,0,0
0,0,71.2647570831445,1,3,68.602168181262,0,0,0,82.9451031329919,0
0,0,79.383996770008,2,4,63.9286773976111,0,0,92.6909998709553,0,0
1,80.1167902703024,69.2525770866325,2,2,84.1309936228972,0,69.9659629372674,0,83.1040733312565,0
0,0,59.583350352806,1,2,57.9124218770374,0,0,0,0,71.8421339507047
0,0,89.6072291269639,1,3,51.0776076740054,0,0,0,100,0
1,67.5716532465657,59.0790746187956,1,2,76.4685147518243,0,0,0,71.4222897640237,0
0,0,65.2708433565487,2,1,61.0703859028299,0,0,78.5239255708515,0,0
1,50.5236900559824,84.9723323822948,2,1,69.8809844873436,0,0,66.5803502582323,0,60.077954992237
0,0,66.5124711113904,1,2,75.8253930375431,0,0,75.8113811561081,0,0
0,0,71.0499259461473,2,4,61.4642180370687,0,0,0,83.7706344246779,0
1,43.7586381389552,77.5870673666396,1,3,76.5696932942067,0,0,0,0,57.4213604595179
0,0,59.3580026289049,1,4,67.6076914469671,0,0,0,0,70.6312293521187
0,0,74.4730909704529,2,4,75.4934528801804,0,0,0,83.7483074269886,0
1,45.3512510693151,62.8769067007114,3,4,69.8720370067227,53.88656389667,0,62.3624309103206,0,0
1,96.6988658164524,62.2986247772367,2,1,63.9975477562825,0,0,77.6310695441922,79.5541713683739,0
1,55.9824979300889,69.4706860488482,3,1,62.8922424107908,0,0,53.6651772885868,66.8268393238441,0
1,44.6130011073694,75.5514925930232,3,4,70.5480792777059,61.206162230237,0,62.969664697527,0,0
1,26.3679282626538,71.1270714221562,3,3,71.158832086659,46.889759550417,0,0,0,55.8290437678835
0,0,69.2230140474579,1,3,74.659984178142,0,0,0,0,76.6263643600278
1,61.5412544288652,77.0683625516444,2,2,62.171977475499,0,61.5506518816732,0,74.4511106950621,0
0,0,75.3582311993123,2,3,48.2342416195753,0,0,84.9867478252953,0,0
0,0,76.1917769785496,3,1,70.2600047989051,0,0,0,84.6567506719239,0
1,62.4715643517131,67.1878717215297,2,3,54.2240898349614,0,0,0,56.1649229513781,0
1,49.0918827593163,48.5549718440448,1,3,71.5331286110971,0,55.8570127210912,56.9699088064644,0,0
1,53.3844990699167,71.8818761843159,3,2,78.0170495781774,0,71.3494163608972,0,0,71.0836865244093
1,68.0740585067637,62.4448643705661,1,2,74.8047503182508,0,0,55.8873884408078,61.1917520621221,0
1,51.8031563223772,65.0362056411232,1,2,72.682389270844,0,0,51.255775569481,0,0
0,0,63.7895599067823,1,4,74.1144953201852,0,0,0,75.8349940975582,0
0,0,74.9174825844182,2,1,87.0284289879916,0,0,84.2050918808331,0,0
0,0,86.4273613587581,2,2,70.2296214430765,0,0,0,94.4310239121839,0
0,0,68.8797659523836,2,3,69.73552830653,0,0,76.9040828831401,0,0
1,58.436748860004,54.7784726843133,3,3,62.4078309640492,0,0,59.8610885105165,46.9375148540558,0
0,0,80.1527722270312,2,4,66.5072498575017,0,0,87.2958182502571,0,0
0,0,52.5328317341498,1,1,62.2120487411963,0,0,0,62.5011549704242,0
1,65.7423201817673,61.0703859028299,1,2,86.3561101145469,0,0,54.2252177500309,65.7396188490295,0
1,82.2890662228586,82.6001185021769,2,2,70.0358700415927,0,78.699226155234,87.3070144245404,0,0
0,0,70.5480792777059,3,4,78.5292130951003,0,0,0,80.1331978726175,0
1,37.4529461066496,71.5930249405772,2,3,78.045700617966,0,59.6545617070305,53.5010799232279,0,0
1,12.8236450649849,72.6601098841501,3,2,68.0744295409505,47.0267991158952,0,50.8997064106844,0,0
1,43.9359275260321,66.7208311199534,1,1,68.4041006075324,0,0,0,64.9256375443452,0
1,67.3251345002915,71.0035292624293,2,4,65.7316969022227,0,0,76.7816231051872,76.4298917595865,0
1,57.7494936766308,67.0509658494951,2,2,74.379831182609,0,68.1323550367755,54.678295517649,0,0
0,0,75.9827259656318,1,4,88.1371943977904,0,0,0,85.8245381739121,0
1,57.4259247105629,55.0903255073132,1,4,86.3219193411181,0,53.7614121592063,0,49.9865351713706,0
1,43.9355122330309,68.2631523631132,3,2,73.0873221764473,0,60.5682045342555,0,0,0
0,0,60.9884119518344,1,2,65.7282050943535,0,0,0,70.1592558484289,0
0,0,62.6956712352533,2,3,65.3837165607437,0,0,0,0,72.2529458484279
1,46.2986475363242,60.0578339614503,3,4,56.0884444633526,61.8502119241743,0,0,0,0
0,0,91.8047635008912,3,4,81.8823998858267,0,0,100,0,0
0,0,72.6263175552362,3,2,66.5821037392792,0,0,0,0,83.0590218919408
0,0,51.8643384641512,3,2,72.6601098841501,0,0,0,64.4120803183858,0
0,0,84.7585655567002,1,3,65.0362056411232,0,0,0,92.4967855012423,0
1,49.4513353731523,86.3561101145469,1,2,86.9413748882904,0,70.6977157484591,0,76.1733293322946,0
1,31.0998500140749,67.4197857268204,1,4,78.7327156812959,0,45.5342006055784,43.2143336812864,0,0
0,0,61.9869226282667,1,1,80.3829662760048,0,0,0,0,68.2977700556593
1,65.6336985695048,81.3158684126319,1,4,65.1927659633366,78.835660066467,0,73.9009537627304,0,0
1,53.0245561370615,78.9458202465517,1,1,64.9488891002259,65.300992952645,0,0,56.1265526458145,0
1,72.1121288172716,56.0884444633526,3,3,80.1579026134449,0,0,68.6618130512206,73.333334047533,0
0,0,66.57970697093,3,3,74.4938597389766,0,0,74.0644623725171,0,0
1,60.4990878928927,69.6424949315851,3,1,64.7816542301971,0,0,70.5043125822445,69.0020754048925,0
1,46.6368275999092,69.381682201795,2,2,61.2023842032844,0,65.3015171002047,0,55.3939592947028,0
1,59.0631808523853,54.1579418069816,1,4,84.8896762538605,0,46.8801053755753,0,63.198382361375,0
0,0,64.1218261050008,2,1,81.4584737049104,0,0,74.9274255164562,0,0
0,0,95.4376784466594,3,3,83.2250661093794,0,0,100,0,0
0,0,64.684191411196,1,4,79.8218129569442,0,0,0,0,73.816014520271
0,0,67.3153935525751,3,4,66.5799624641836,0,0,79.2704631770122,0,0
0,0,80.0009569257165,3,4,65.4121173096881,0,0,0,88.304547663059,0
1,43.6601472365072,67.1610656661088,2,2,76.1028045556611,0,58.0456487527752,0,54.7445858922372,0
0,0,69.1847359963259,2,2,76.326682130489,0,0,79.4905868343898,0,0
1,66.2182720956175,70.2549313910296,2,3,78.2824541800664,0,62.4144288472806,0,0,0
0,0,86.0536456332824,2,1,80.7567356607136,0,0,99.8962274611241,0,0
0,0,77.4347966594308,3,3,70.5224383229207,0,0,0,0,86.0021418382792
0,0,57.8537553137772,1,4,55.3827393810601,0,0,0,68.543199975919,0
1,76.9075520326633,55.3268955874205,2,4,64.1098663305088,0,0,60.843485887352,57.3904030212906,0
1,55.723071416279,75.3665397091415,1,3,78.3170489451155,0,0,63.5596543740321,0,71.449923762585
1,51.3675282827764,66.9429957051642,1,2,62.2939167599251,0,60.7689082252969,0,53.1386224923995,0
0,0,57.5871013638523,2,2,63.6814584276894,0,0,0,68.8600891186449,0
0,0,71.82753676034,1,2,74.9522144485772,0,0,0,0,80.7334362297553
1,57.5463908847514,66.9644400370142,3,3,71.1381810508832,71.4333161908512,0,57.2676843940176,0,0
1,59.9168575360586,70.818587694525,2,1,49.3476895017036,0,60.5685630645798,60.5268104936925,0,0
0,0,77.3132178481294,3,2,60.1400727117342,0,0,0,0,87.9700115430429
0,0,65.7316969022227,1,4,57.1648349852819,0,0,0,79.105331199993,0
1,54.0172572383271,65.3900291147097,1,3,79.7288357801062,0,0,50.1039862885614,0,0
0,0,76.19272996302,1,2,76.5582880727712,0,0,0,0,88.078406268235
0,0,68.8152445058516,1,4,60.1220177851216,0,0,77.6396672824523,0,0
0,0,57.5966907406301,2,1,64.4688415970764,0,0,68.5873576618667,0,0
1,68.9544565077004,79.7288357801062,2,1,66.8953697043776,0,73.9964221655768,0,0,0
0,0,78.2824541800664,1,1,67.9114139187676,0,0,0,0,88.1579513189614
1,73.4088693669605,61.8360952262887,2,1,60.984310893832,0,68.4951349058787,0,0,0
0,0,60.0140906000927,2,1,69.2347924984182,0,0,0,70.0804096109186,0
1,72.0941205243211,69.1195448352399,1,3,60.8457177533074,0,0,0,72.6204010764495,0
1,100,58.2474032548345,1,3,76.8597232301037,0,0,79.0282889532189,0,0
1,57.3712312613313,78.7327156812959,2,4,64.9284531903907,65.7444542258226,0,73.8945744292294,0,0
0,0,64.2855734457736,3,3,64.1733602455747,0,0,0,0,75.689922667385
1,61.6284691079407,68.6500987529661,1,1,69.9283371637732,0,0,0,74.1558099181484,0
0,0,51.5931916450126,2,1,92.750754275752,0,0,0,0,64.6521822453917
0,0,69.9283371637732,3,4,81.3269232252575,0,0,0,0,81.60733273568
0,0,54.7213119172067,2,1,73.636408497447,0,0,0,0,62.2769713577127
0,0,63.4205327779619,3,4,75.6881222922485,0,0,74.0275557400989,0,0
0,0,72.2213122756396,2,4,90.2954480086346,0,0,81.9894965398884,0,0
0,0,75.8615331829988,2,1,65.6605099317808,0,0,0,0,88.6322778718386
0,0,73.7544618070952,3,4,66.0069765214954,0,0,83.4557667276963,0,0
1,40.3729226395486,81.4344671918246,1,3,82.5042586916903,0,62.4134326552262,0,0,0
0,0,78.6594305104596,3,1,74.040892023562,0,0,87.2266977329131,0,0
1,69.6673489851826,76.3649317281913,1,3,73.7170012774676,0,0,0,0,68.5232590280774
1,51.5265280278723,77.4849423183723,1,4,70.2840009804538,67.6284638655841,0,0,0,56.9775280181304
0,0,54.5087609222553,3,4,65.0035273158848,0,0,64.7421216102313,0,0
0,0,77.4449116365757,2,2,59.0790746187956,0,0,0,86.4967605804349,0
1,95.2344728737726,73.5837954597156,1,1,64.0493873490522,0,75.1662240339827,79.8310992714525,0,0
1,55.0573642307822,79.9052683836844,2,3,69.9036610254315,0,0,59.4456778951258,67.2068466610598,0
1,59.407735605266,64.7816542301971,2,1,76.3696532599813,0,0,66.2395695813394,0,0
0,0,66.009487170635,2,3,64.5313696232924,0,0,0,0,76.0205002960716
1,87.0134390993467,90.2984555566004,3,2,62.4562457937533,0,0,0,0,84.9482779539433
0,0,72.4587854228316,3,4,54.7784726843133,0,0,83.8814292854836,0,0
0,0,53.9314990709228,1,3,69.5221592631365,0,0,0,64.3265276545806,0
1,76.4330984012103,57.5638173526545,3,1,67.0509658494951,0,0,58.3574863854034,66.6831426522726,0
1,67.3656326852831,61.3476900436149,3,1,76.1531960988092,0,0,70.2496848515825,54.68035093981,0
0,0,75.5019949853692,1,2,69.1111896993694,0,0,0,0,85.2156356260631
1,48.2311469420764,78.0357535727184,2,2,66.8907974628494,54.394446353828,0,0,0,65.9488473595455
1,45.3359756666884,75.4934528801804,3,1,59.583350352806,0,0,0,65.347810422248,57.58540805881
1,65.4327637939909,55.7509165325453,2,4,67.6923305829028,0,52.1826629840873,63.8330617805452,0,0
0,0,84.0371614007302,3,3,58.3450581539537,0,0,0,0,96.0623135160486
0,0,66.2167702611102,1,4,73.1389890802793,0,0,0,0,78.0667961897184
0,0,79.4424042014108,3,1,78.5906184521923,0,0,0,0,87.9964150130651
0,0,66.8907974628494,2,2,82.6011871915338,0,0,0,0,79.0120406244351
0,0,84.1061171030171,1,2,68.2112476629588,0,0,95.399328285282,0,0
0,0,49.9108362879233,2,3,65.8837350666071,0,0,0,0,61.2676825447986
0,0,66.767512933989,2,3,71.7715592204496,0,0,77.2515287906017,0,0
1,86.6441473570952,68.3458127376583,2,3,61.071858189124,0,0,85.6550106692428,0,0
1,53.3802326546038,71.6709032901518,1,1,54.6818462807395,69.6537520883823,0,0,66.8726448014771,0
0,0,62.2594076115111,1,3,69.2525770866325,0,0,73.1950344745074,0,0
0,0,69.8760810056677,1,4,72.8489311486431,0,0,0,0,82.0929109457886
0,0,68.9281658894704,2,3,78.8850678550478,0,0,74.893213545351,0,0
1,74.9624610189874,58.2719740917776,1,1,54.7693088469312,0,73.3282458474268,65.8624747159139,0,0
0,0,66.9798323545928,3,2,65.8745582283971,0,0,0,0,78.1042795514009
0,0,55.3739292559393,3,2,66.9356431942934,0,0,64.7547539834044,0,0
0,0,68.4041006075324,1,1,54.1579418069816,0,0,0,78.107285586123,0
1,86.5081914855618,67.2334514159551,2,2,61.2264611230419,0,74.5141660595093,0,69.8772852397341,0
0,0,68.7705687744657,1,3,62.3975014288738,0,0,0,81.2955441584398,0
1,64.9961885104372,51.4420397138036,3,3,82.6680344895402,53.2564408357302,0,0,0,0
0,0,88.6338882870673,1,1,74.8931910493871,0,0,95.8620880000354,0,0
0,0,62.6604229550891,1,4,75.9883127746865,0,0,0,0,71.8894163746649
0,0,67.1039791898501,3,4,71.5104272070602,0,0,78.3420787505124,0,0
